date,bookings,day_of_week,month,holiday,special_event,weather,distance,amenities,revenue
2018-01-01,19,0,1,0,0,Cloudy,3.5,3,535249
2018-01-01,12,0,1,1,0,Sunny,3.4,3,245388
2018-01-02,13,1,1,0,0,Sunny,3.2,3,357786
2018-01-02,9,1,1,0,0,Sunny,3.4,5,156762
2018-01-03,15,2,1,0,0,Rainy,4.7,2,186810
2018-01-03,15,2,1,0,0,Cloudy,1.0,4,416415
2018-01-04,6,3,1,0,1,Rainy,1.2,4,151338
2018-01-04,12,3,1,0,0,Rainy,1.8,3,200412
2018-01-05,16,4,1,0,0,Sunny,1.7,5,201552
2018-01-05,19,4,1,0,1,Cloudy,1.7,2,192679
2018-01-06,10,5,1,0,0,Cloudy,3.7,2,126590
2018-01-07,12,6,1,0,0,Sunny,2.8,4,228372
2018-01-08,15,0,1,0,0,Cloudy,5.0,3,375555
2018-01-09,9,1,1,0,1,Sunny,1.9,4,215730
2018-01-10,14,2,1,0,0,Rainy,2.2,4,219254
2018-01-10,6,2,1,1,0,Rainy,4.9,2,96852
2018-01-11,10,3,1,0,0,Sunny,4.3,5,221090
2018-01-11,9,3,1,0,0,Rainy,2.9,2,169083
2018-01-11,16,3,1,0,0,Rainy,3.2,4,321536
2018-01-12,17,4,1,0,0,Sunny,4.4,3,314024
2018-01-12,16,4,1,0,0,Rainy,2.9,3,428912
2018-01-13,9,5,1,1,0,Cloudy,1.8,5,128241
2018-01-14,17,6,1,0,0,Rainy,4.3,5,424133
2018-01-15,5,0,1,0,1,Sunny,3.2,5,58750
2018-01-15,6,0,1,0,1,Cloudy,1.6,4,170106
2018-01-16,12,1,1,0,0,Cloudy,3.0,4,169056
2018-01-17,17,2,1,0,0,Rainy,2.7,5,429794
2018-01-18,18,3,1,0,0,Cloudy,4.5,3,527940
2018-01-18,17,3,1,0,0,Sunny,1.5,3,333897
2018-01-20,7,5,1,0,0,Cloudy,4.5,3,105525
2018-01-21,14,6,1,0,0,Rainy,3.0,4,285768
2018-01-22,7,0,1,0,1,Rainy,2.6,2,179802
2018-01-23,12,1,1,1,0,Cloudy,1.6,3,206760
2018-01-23,12,1,1,0,0,Sunny,3.8,3,305184
2018-01-25,6,3,1,0,0,Sunny,4.7,3,126012
2018-01-25,12,3,1,0,0,Rainy,2.5,5,287364
2018-01-25,15,3,1,0,0,Rainy,2.0,4,355290
2018-01-27,17,5,1,1,0,Sunny,3.2,5,474555
2018-01-27,17,5,1,0,0,Cloudy,4.2,5,392258
2018-01-28,5,6,1,0,1,Cloudy,1.0,2,146870
2018-01-28,10,6,1,0,0,Cloudy,3.5,5,144930
2018-01-29,12,0,1,0,1,Cloudy,3.4,2,327804
2018-01-29,7,0,1,0,0,Sunny,2.3,5,80220
2018-01-29,12,0,1,0,0,Rainy,2.8,3,289680
2018-01-29,16,0,1,0,0,Rainy,2.0,4,465712
2018-02-01,5,3,2,0,0,Cloudy,4.2,5,103520
2018-02-03,15,5,2,0,0,Sunny,3.5,2,400035
2018-02-03,15,5,2,1,0,Sunny,3.1,4,399720
2018-02-03,13,5,2,0,0,Cloudy,2.6,2,218608
2018-02-04,17,6,2,0,0,Cloudy,2.2,3,367863
2018-02-04,15,6,2,0,0,Cloudy,4.3,5,366360
2018-02-05,17,0,2,0,0,Rainy,2.8,4,407405
2018-02-06,13,1,2,0,0,Cloudy,3.0,3,365898
2018-02-07,9,2,2,0,0,Rainy,3.1,5,191160
2018-02-08,14,3,2,1,0,Sunny,2.8,5,140560
2018-02-08,8,3,2,0,1,Sunny,2.0,2,126616
2018-02-10,19,5,2,0,0,Rainy,1.5,2,346921
2018-02-10,15,5,2,0,0,Rainy,1.4,3,410565
2018-02-10,10,5,2,0,0,Rainy,4.0,2,248490
2018-02-11,16,6,2,0,0,Rainy,1.9,3,419712
2018-02-11,11,6,2,0,0,Cloudy,1.2,3,195844
2018-02-12,9,0,2,0,1,Sunny,4.2,3,266238
2018-02-16,15,4,2,0,1,Cloudy,1.6,2,230610
2018-02-16,17,4,2,0,0,Rainy,3.5,4,212908
2018-02-16,14,4,2,0,0,Cloudy,2.4,3,269878
2018-02-16,13,4,2,0,0,Cloudy,1.5,4,375219
2018-02-16,7,4,2,0,0,Sunny,2.7,5,139195
2018-02-17,19,5,2,0,0,Cloudy,1.1,2,204782
2018-02-20,11,1,2,0,0,Sunny,4.4,2,126412
2018-02-20,14,1,2,0,0,Rainy,3.1,4,378616
2018-02-20,14,1,2,0,0,Cloudy,1.6,5,388248
2018-02-22,15,3,2,0,0,Rainy,1.9,5,354225
2018-02-23,9,4,2,1,0,Sunny,2.8,3,199188
2018-02-23,18,4,2,0,1,Rainy,1.8,2,363204
2018-02-24,11,5,2,0,0,Rainy,2.1,5,196361
2018-02-24,19,5,2,0,1,Sunny,3.1,5,499472
2018-02-24,6,5,2,0,0,Rainy,4.3,3,102936
2018-02-25,8,6,2,0,0,Rainy,2.6,3,96352
2018-02-27,6,1,2,0,1,Rainy,3.9,4,104208
2018-02-28,18,2,2,0,0,Cloudy,4.5,2,538200
2018-03-02,17,4,3,0,0,Rainy,1.9,5,401795
2018-03-02,17,4,3,1,0,Sunny,4.2,4,325856
2018-03-02,16,4,3,0,0,Cloudy,4.0,2,433776
2018-03-03,11,5,3,0,0,Cloudy,2.4,4,234608
2018-03-03,6,5,3,0,1,Sunny,5.0,2,139914
2018-03-04,17,6,3,0,1,Rainy,2.1,2,175814
2018-03-04,18,6,3,0,1,Cloudy,2.0,5,206046
2018-03-06,15,1,3,0,0,Cloudy,4.1,2,248715
2018-03-08,5,3,3,0,0,Cloudy,2.7,3,109255
2018-03-10,13,5,3,0,0,Rainy,2.3,5,212121
2018-03-10,5,5,3,0,1,Cloudy,1.7,3,134550
2018-03-10,12,5,3,0,0,Sunny,4.1,4,241056
2018-03-14,19,2,3,0,0,Rainy,4.1,4,435974
2018-03-16,6,4,3,0,0,Sunny,3.3,2,160734
2018-03-16,16,4,3,0,0,Sunny,4.8,2,393072
2018-03-16,12,4,3,0,0,Cloudy,2.3,3,298416
2018-03-16,17,4,3,0,1,Cloudy,1.9,3,336005
2018-03-17,7,5,3,0,1,Cloudy,3.7,3,157262
2018-03-19,10,0,3,0,0,Sunny,4.0,4,282300
2018-03-19,7,0,3,1,0,Rainy,1.9,3,195034
2018-03-21,18,2,3,0,1,Cloudy,1.3,5,370566
2018-03-22,11,3,3,0,0,Cloudy,4.2,5,118481
2018-03-23,14,4,3,0,0,Sunny,4.9,4,368200
2018-03-24,13,5,3,0,0,Rainy,3.6,3,244010
2018-03-27,6,1,3,0,0,Sunny,2.1,3,126558
2018-03-28,19,2,3,0,0,Cloudy,5.0,2,452257
2018-03-29,16,3,3,0,0,Sunny,4.6,5,163088
2018-03-30,16,4,3,0,0,Cloudy,3.1,4,192112
2018-03-31,19,5,3,0,0,Rainy,4.3,3,523811
2018-03-31,18,5,3,1,1,Sunny,4.3,2,518004
2018-03-31,9,5,3,0,0,Cloudy,4.7,4,190710
2018-04-01,17,6,4,0,0,Cloudy,4.4,4,339728
2018-04-02,10,0,4,0,0,Cloudy,3.6,5,193020
2018-04-03,8,1,4,0,0,Cloudy,3.4,3,139432
2018-04-04,8,2,4,0,0,Sunny,2.9,4,98088
2018-04-05,8,3,4,0,1,Cloudy,3.5,2,133728
2018-04-05,6,3,4,0,0,Sunny,4.2,2,113526
2018-04-05,8,3,4,0,0,Cloudy,4.9,4,115024
2018-04-06,15,4,4,0,0,Sunny,2.9,2,267225
2018-04-06,5,4,4,0,0,Sunny,3.3,4,118890
2018-04-06,16,4,4,0,0,Cloudy,2.8,2,477360
2018-04-08,10,6,4,0,1,Cloudy,3.7,4,227280
2018-04-08,5,6,4,0,1,Cloudy,3.5,4,101660
2018-04-09,14,0,4,0,0,Cloudy,1.1,4,277704
2018-04-09,10,0,4,0,1,Rainy,3.2,2,128000
2018-04-09,5,0,4,1,0,Cloudy,1.4,4,91665
2018-04-12,10,3,4,0,0,Cloudy,1.1,5,154100
2018-04-13,14,4,4,0,0,Cloudy,4.2,4,389746
2018-04-14,12,5,4,0,0,Sunny,2.0,3,189696
2018-04-14,15,5,4,0,0,Cloudy,2.4,3,251940
2018-04-15,6,6,4,0,1,Sunny,1.3,5,121728
2018-04-17,6,1,4,1,0,Sunny,1.7,4,166254
2018-04-18,18,2,4,0,0,Sunny,4.1,3,495774
2018-04-19,19,3,4,0,0,Sunny,3.0,4,278350
2018-04-19,17,3,4,0,0,Rainy,4.5,3,254779
2018-04-21,16,5,4,0,0,Cloudy,2.6,2,403200
2018-04-21,8,5,4,0,0,Sunny,2.1,2,117576
2018-04-21,15,5,4,1,0,Cloudy,2.4,5,400860
2018-04-23,7,0,4,0,0,Sunny,3.9,5,96796
2018-04-23,8,0,4,0,0,Rainy,3.2,4,226816
2018-04-24,17,1,4,0,0,Sunny,4.6,5,460479
2018-04-25,16,2,4,0,0,Cloudy,3.4,4,361680
2018-04-27,11,4,4,0,0,Cloudy,3.0,2,170302
2018-04-27,17,4,4,0,0,Rainy,4.1,2,479128
2018-04-28,15,5,4,0,0,Cloudy,4.8,3,231945
2018-04-28,5,5,4,0,0,Cloudy,2.4,4,119300
2018-04-30,10,0,4,0,1,Sunny,2.0,2,149120
2018-05-02,19,2,5,0,0,Cloudy,3.5,2,278312
2018-05-03,19,3,5,0,1,Sunny,3.0,4,206245
2018-05-06,7,6,5,0,0,Rainy,5.0,3,90062
2018-05-06,15,6,5,0,0,Cloudy,2.8,3,327510
2018-05-07,14,0,5,0,0,Sunny,1.3,3,368116
2018-05-08,11,1,5,0,1,Cloudy,4.9,3,292226
2018-05-08,14,1,5,0,0,Sunny,4.4,2,183568
2018-05-08,6,1,5,0,0,Rainy,1.7,4,86952
2018-05-10,18,3,5,0,1,Sunny,4.6,4,452052
2018-05-10,6,3,5,0,0,Cloudy,2.4,2,69102
2018-05-11,17,4,5,0,0,Sunny,2.5,2,442306
2018-05-11,8,4,5,0,0,Cloudy,4.6,2,221920
2018-05-11,5,4,5,0,0,Rainy,3.1,5,107155
2018-05-12,7,5,5,0,0,Sunny,1.6,4,127470
2018-05-13,17,6,5,0,0,Cloudy,2.5,4,367115
2018-05-14,13,0,5,0,0,Cloudy,3.9,4,297323
2018-05-15,11,1,5,0,0,Cloudy,1.7,3,250173
2018-05-17,19,3,5,0,1,Sunny,3.4,2,367156
2018-05-18,11,4,5,0,1,Sunny,3.8,2,236841
2018-05-19,17,5,5,0,0,Sunny,2.4,2,281996
2018-05-20,17,6,5,0,0,Rainy,3.8,5,226287
2018-05-21,15,0,5,0,0,Cloudy,4.5,4,164805
2018-05-23,8,2,5,0,0,Cloudy,2.9,2,106568
2018-05-24,6,3,5,0,0,Rainy,2.5,5,154872
2018-05-24,19,3,5,0,0,Rainy,2.0,2,277685
2018-05-24,18,3,5,0,0,Sunny,3.4,3,459216
2018-05-25,8,4,5,0,0,Sunny,4.5,4,185168
2018-05-25,10,4,5,0,0,Sunny,2.3,5,236540
2018-05-26,15,5,5,0,1,Sunny,2.6,2,195780
2018-05-26,15,5,5,1,0,Sunny,2.6,4,160890
2018-05-27,7,6,5,0,0,Sunny,3.2,5,96320
2018-05-27,5,6,5,0,0,Rainy,1.9,4,59375
2018-05-28,18,0,5,0,0,Rainy,4.3,4,431442
2018-05-29,16,1,5,0,0,Rainy,2.2,3,224528
2018-05-30,12,2,5,0,0,Cloudy,3.8,4,185316
2018-05-31,16,3,5,0,0,Cloudy,3.1,5,437968
2018-05-31,17,3,5,0,0,Sunny,3.3,4,233648
2018-06-01,9,4,6,0,0,Rainy,1.7,5,242793
2018-06-02,19,5,6,0,0,Cloudy,3.9,4,223706
2018-06-03,9,6,6,0,1,Cloudy,1.8,2,185859
2018-06-03,15,6,6,0,0,Rainy,1.5,3,164025
2018-06-03,8,6,6,1,0,Cloudy,3.2,2,187160
2018-06-04,10,0,6,0,1,Cloudy,3.8,3,138080
2018-06-05,7,1,6,0,0,Rainy,1.2,5,187005
2018-06-06,13,2,6,0,0,Cloudy,1.3,3,281333
2018-06-07,9,3,6,0,0,Rainy,4.2,4,261774
2018-06-09,7,5,6,0,0,Cloudy,4.2,4,170632
2018-06-09,15,5,6,0,0,Rainy,2.0,2,238335
2018-06-10,5,6,6,0,0,Cloudy,3.5,3,75270
2018-06-11,14,0,6,0,1,Cloudy,2.8,5,194152
2018-06-11,16,0,6,0,1,Rainy,3.5,5,425360
2018-06-14,10,3,6,0,0,Cloudy,4.5,4,288810
2018-06-15,19,4,6,0,0,Rainy,1.3,5,224998
2018-06-16,6,5,6,0,0,Rainy,4.1,4,120348
2018-06-16,17,5,6,0,0,Cloudy,3.0,4,324717
2018-06-17,7,6,6,0,0,Sunny,3.3,4,157479
2018-06-19,5,1,6,0,0,Cloudy,3.6,2,73290
2018-06-19,13,1,6,0,1,Sunny,4.7,2,277953
2018-06-21,12,3,6,1,1,Sunny,1.2,4,210528
2018-06-21,16,3,6,0,0,Cloudy,1.1,4,283488
2018-06-22,6,4,6,0,0,Sunny,1.7,4,143106
2018-06-22,19,4,6,0,0,Rainy,4.9,5,515926
2018-06-22,16,4,6,0,0,Rainy,3.9,4,472624
2018-06-26,15,1,6,0,0,Sunny,3.5,4,326655
2018-06-26,12,1,6,0,0,Rainy,1.2,3,139536
2018-06-26,16,1,6,0,0,Cloudy,4.5,3,166176
2018-06-30,18,5,6,0,0,Rainy,4.3,3,288558
2018-07-01,13,6,7,0,0,Sunny,3.7,3,213707
2018-07-02,5,0,7,1,0,Cloudy,2.4,4,116960
2018-07-03,17,1,7,0,0,Rainy,1.3,3,490450
2018-07-06,9,4,7,0,0,Cloudy,3.3,5,110538
2018-07-06,12,4,7,0,0,Sunny,3.9,5,142272
2018-07-06,19,4,7,0,1,Rainy,1.4,3,487730
2018-07-07,15,5,7,0,0,Cloudy,3.5,2,179970
2018-07-07,18,5,7,0,0,Cloudy,2.1,5,278568
2018-07-09,6,0,7,0,0,Rainy,4.1,5,116568
2018-07-09,8,0,7,0,0,Cloudy,3.2,3,117352
2018-07-09,11,0,7,0,0,Cloudy,1.5,3,245696
2018-07-10,7,1,7,0,0,Sunny,3.1,4,135394
2018-07-11,17,2,7,0,0,Sunny,2.6,5,290088
2018-07-13,16,4,7,0,0,Sunny,1.7,3,279136
2018-07-13,9,4,7,0,0,Sunny,4.4,3,250335
2018-07-15,12,6,7,0,0,Sunny,1.0,4,187488
2018-07-17,16,1,7,0,0,Sunny,2.2,5,279376
2018-07-17,14,1,7,0,0,Rainy,1.1,3,165466
2018-07-20,7,4,7,0,0,Sunny,1.4,4,143612
2018-07-20,8,4,7,0,0,Cloudy,2.2,3,189992
2018-07-21,18,5,7,0,0,Rainy,1.2,2,495252
2018-07-21,19,5,7,0,1,Cloudy,3.4,2,240502
2018-07-22,13,6,7,0,0,Sunny,1.3,3,175500
2018-07-22,18,6,7,0,1,Sunny,3.8,5,218160
2018-07-24,18,1,7,0,1,Cloudy,1.2,2,252360
2018-07-25,11,2,7,0,0,Cloudy,1.2,4,222343
2018-07-26,5,3,7,0,0,Cloudy,2.2,3,66295
2018-07-27,18,4,7,0,0,Rainy,4.6,4,361458
2018-08-02,16,3,8,1,1,Sunny,3.6,2,189168
2018-08-03,8,4,8,0,0,Cloudy,4.1,5,222864
2018-08-04,8,5,8,0,0,Sunny,1.6,4,229008
2018-08-04,13,5,8,0,0,Cloudy,4.3,2,305071
2018-08-04,10,5,8,1,0,Sunny,1.0,2,296270
2018-08-05,13,6,8,0,0,Rainy,1.9,2,220870
2018-08-05,16,6,8,0,0,Sunny,3.5,4,210144
2018-08-05,19,6,8,0,0,Cloudy,2.5,2,540626
2018-08-06,10,0,8,0,1,Sunny,4.9,3,267430
2018-08-06,10,0,8,0,0,Rainy,1.1,2,254340
2018-08-06,9,0,8,0,0,Rainy,5.0,3,225063
2018-08-08,9,2,8,0,0,Sunny,3.5,5,182097
2018-08-12,6,6,8,1,0,Cloudy,3.2,3,158268
2018-08-13,12,0,8,0,0,Rainy,1.2,5,133692
2018-08-14,12,1,8,0,0,Rainy,2.1,5,336228
2018-08-14,15,1,8,0,0,Sunny,4.7,3,302025
2018-08-14,17,1,8,0,0,Rainy,2.4,5,390422
2018-08-16,5,3,8,0,0,Rainy,3.6,3,66805
2018-08-16,12,3,8,0,0,Cloudy,5.0,4,214020
2018-08-17,9,4,8,0,0,Cloudy,2.1,5,190548
2018-08-18,6,5,8,0,0,Cloudy,3.3,3,158340
2018-08-19,18,6,8,0,0,Sunny,3.8,5,238806
2018-08-19,6,6,8,1,0,Rainy,1.7,2,99384
2018-08-21,18,1,8,0,0,Sunny,1.6,3,521820
2018-08-21,19,1,8,0,0,Rainy,2.8,2,406809
2018-08-23,19,3,8,0,1,Rainy,2.5,5,302214
2018-08-24,10,4,8,0,1,Rainy,3.9,5,260280
2018-08-24,15,4,8,0,0,Cloudy,1.3,4,444855
2018-08-25,17,5,8,0,0,Sunny,4.9,3,299387
2018-08-27,13,0,8,0,0,Sunny,1.1,2,354861
2018-08-30,5,3,8,0,0,Rainy,3.4,4,60055
2018-08-31,16,4,8,0,0,Sunny,3.3,5,445216
2018-09-01,10,5,9,0,0,Cloudy,1.5,5,212460
2018-09-02,13,6,9,0,0,Sunny,1.6,4,309270
2018-09-03,12,0,9,0,0,Rainy,4.2,2,260856
2018-09-04,15,1,9,0,0,Cloudy,4.6,5,370950
2018-09-04,10,1,9,0,0,Cloudy,2.1,5,211200
2018-09-06,7,3,9,0,0,Rainy,2.8,3,197491
2018-09-06,12,3,9,0,0,Sunny,2.4,4,225204
2018-09-07,13,4,9,0,0,Rainy,1.3,5,308139
2018-09-07,5,4,9,0,0,Sunny,3.7,2,54645
2018-09-08,16,5,9,0,0,Sunny,4.3,3,351216
2018-09-10,13,0,9,0,0,Cloudy,2.2,4,335985
2018-09-10,18,0,9,0,0,Rainy,5.0,2,493884
2018-09-11,19,1,9,0,0,Cloudy,1.3,5,489193
2018-09-11,10,1,9,0,0,Rainy,3.6,4,157440
2018-09-13,10,3,9,0,1,Rainy,2.8,4,282840
2018-09-15,16,5,9,0,0,Cloudy,2.8,2,314384
2018-09-16,8,6,9,0,0,Rainy,2.8,4,135840
2018-09-16,5,6,9,0,0,Rainy,2.0,2,85345
2018-09-18,14,1,9,0,0,Sunny,3.9,5,274274
2018-09-18,12,1,9,1,0,Rainy,3.9,3,357588
2018-09-20,6,3,9,0,0,Rainy,2.1,2,62652
2018-09-21,16,4,9,0,0,Cloudy,4.3,3,234432
2018-09-22,5,5,9,1,0,Cloudy,2.3,4,96850
2018-09-23,6,6,9,0,0,Rainy,3.9,2,105582
2018-09-25,5,1,9,0,1,Sunny,1.5,5,121625
2018-09-25,5,1,9,0,0,Sunny,1.7,2,72290
2018-09-26,13,2,9,0,0,Cloudy,2.3,2,215683
2018-09-27,17,3,9,0,0,Rainy,3.4,2,447882
2018-09-27,18,3,9,0,0,Rainy,3.6,3,392868
2018-09-29,5,5,9,0,0,Sunny,2.6,3,143465
2018-10-02,17,1,10,0,0,Sunny,1.3,4,410346
2018-10-04,8,3,10,1,1,Sunny,2.5,4,218352
2018-10-04,14,3,10,0,0,Cloudy,3.8,4,170366
2018-10-06,10,5,10,0,0,Rainy,3.7,4,285560
2018-10-07,11,6,10,0,0,Cloudy,1.6,2,179443
2018-10-07,6,6,10,0,0,Rainy,1.0,3,109890
2018-10-08,10,0,10,0,0,Cloudy,4.0,3,180360
2018-10-11,11,3,10,1,0,Rainy,1.4,3,118635
2018-10-12,14,4,10,0,0,Sunny,1.3,3,225946
2018-10-12,18,4,10,0,0,Sunny,1.0,4,294192
2018-10-12,14,4,10,0,0,Sunny,2.7,2,403200
2018-10-13,6,5,10,0,1,Cloudy,3.0,3,149838
2018-10-16,19,1,10,1,0,Sunny,3.6,5,296761
2018-10-16,6,1,10,0,0,Rainy,2.2,2,71616
2018-10-20,14,5,10,0,0,Cloudy,3.8,5,193298
2018-10-21,11,6,10,0,0,Rainy,1.7,2,188661
2018-10-23,16,1,10,0,0,Cloudy,4.3,2,311888
2018-10-23,5,1,10,0,0,Rainy,3.3,2,111775
2018-10-23,12,1,10,0,1,Rainy,3.3,5,158832
2018-10-29,15,0,10,0,0,Cloudy,1.8,3,387720
2018-10-29,17,0,10,0,0,Cloudy,1.3,3,209984
2018-10-30,7,1,10,0,0,Sunny,2.9,5,83524
2018-11-01,15,3,11,0,0,Sunny,3.5,3,313695
2018-11-07,10,2,11,0,0,Rainy,1.4,4,185560
2018-11-09,13,4,11,0,0,Rainy,4.8,3,201474
2018-11-09,10,4,11,0,0,Rainy,4.9,4,205820
2018-11-10,13,5,11,0,0,Cloudy,3.2,4,355290
2018-11-11,11,6,11,0,1,Cloudy,4.8,4,262515
2018-11-12,19,0,11,0,0,Sunny,1.7,5,371811
2018-11-14,13,2,11,0,0,Rainy,1.1,3,361699
2018-11-14,6,2,11,0,1,Sunny,1.2,3,89142
2018-11-14,16,2,11,0,0,Cloudy,3.4,5,165440
2018-11-16,12,4,11,0,0,Cloudy,1.2,5,254172
2018-11-17,12,5,11,0,1,Cloudy,4.8,3,321192
2018-11-17,6,5,11,1,0,Sunny,1.6,5,110946
2018-11-20,16,1,11,0,0,Cloudy,2.2,5,162208
2018-11-20,18,1,11,0,0,Rainy,4.3,4,186444
2018-11-22,8,3,11,0,0,Sunny,1.9,5,157712
2018-11-23,18,4,11,0,0,Cloudy,2.0,4,537120
2018-11-24,19,5,11,0,0,Sunny,3.6,2,220913
2018-11-25,15,6,11,0,0,Sunny,2.1,4,389940
2018-11-25,19,6,11,1,0,Cloudy,1.9,4,285076
2018-11-26,11,0,11,0,0,Cloudy,2.0,5,256113
2018-11-26,15,0,11,0,0,Sunny,3.0,3,249780
2018-11-27,8,1,11,0,1,Sunny,4.9,2,236432
2018-11-30,8,4,11,0,0,Cloudy,4.3,2,97208
2018-12-01,10,5,12,0,1,Rainy,2.1,2,194290
2018-12-02,14,6,12,0,0,Sunny,2.5,3,337008
2018-12-03,10,0,12,0,0,Sunny,2.9,2,219270
2018-12-04,14,1,12,0,0,Rainy,4.9,2,236670
2018-12-04,19,1,12,0,0,Cloudy,1.7,3,555142
2018-12-04,7,1,12,0,0,Cloudy,2.4,2,157164
2018-12-05,19,2,12,0,0,Rainy,3.9,5,498028
2018-12-05,13,2,12,0,0,Cloudy,4.9,5,376363
2018-12-06,16,3,12,0,0,Cloudy,1.6,4,180912
2018-12-07,14,4,12,0,0,Sunny,1.9,4,347928
2018-12-08,18,5,12,0,0,Sunny,1.9,4,227880
2018-12-08,15,5,12,0,0,Sunny,1.1,5,306045
2018-12-10,6,0,12,0,0,Rainy,3.4,5,121428
2018-12-12,10,2,12,0,0,Cloudy,3.7,5,162070
2018-12-12,16,2,12,0,0,Cloudy,3.4,4,472736
2018-12-12,11,2,12,0,0,Sunny,1.3,4,122540
2018-12-13,16,3,12,1,1,Sunny,1.3,4,187328
2018-12-14,17,4,12,0,0,Rainy,1.8,4,231710
2018-12-16,13,6,12,0,0,Cloudy,2.2,4,384735
2018-12-16,17,6,12,0,0,Rainy,4.1,4,348245
2018-12-22,7,5,12,0,1,Cloudy,1.6,5,154147
2018-12-23,14,6,12,0,0,Rainy,1.2,3,376026
2018-12-24,7,0,12,0,1,Sunny,2.6,3,123788
2018-12-26,11,2,12,0,0,Rainy,2.7,4,123277
2018-12-29,18,5,12,0,0,Rainy,2.8,3,419958
2018-12-29,8,5,12,0,1,Sunny,4.3,3,95680
2018-12-30,17,6,12,0,0,Cloudy,1.4,5,179469
2018-12-31,12,0,12,0,0,Cloudy,3.8,4,310596
2018-12-31,17,0,12,0,0,Sunny,2.4,4,406181
2019-01-05,11,5,1,0,1,Rainy,2.2,3,119702
2019-01-06,9,6,1,0,0,Rainy,4.7,4,132849
2019-01-07,11,0,1,0,0,Rainy,2.0,4,174537
2019-01-08,7,1,1,0,0,Cloudy,3.6,4,160083
2019-01-09,16,2,1,0,0,Rainy,2.1,4,274656
2019-01-09,6,2,1,1,1,Cloudy,3.0,3,137892
2019-01-11,10,4,1,0,0,Rainy,4.1,2,179290
2019-01-11,6,4,1,0,0,Sunny,4.5,3,92082
2019-01-12,7,5,1,0,1,Sunny,4.4,5,120883
2019-01-14,10,0,1,0,0,Cloudy,3.3,2,235270
2019-01-15,9,1,1,1,0,Cloudy,2.0,2,112086
2019-01-15,12,1,1,0,0,Sunny,3.6,2,339960
2019-01-20,13,6,1,0,0,Sunny,3.8,3,298883
2019-01-20,15,6,1,0,0,Rainy,1.0,5,192120
2019-01-21,7,0,1,0,0,Sunny,2.8,3,116494
2019-01-21,16,0,1,0,0,Cloudy,4.4,5,221200
2019-01-22,14,1,1,0,0,Sunny,3.0,3,189504
2019-01-23,7,2,1,1,0,Cloudy,2.2,3,177163
2019-01-24,7,3,1,0,0,Cloudy,4.5,3,96614
2019-01-24,17,3,1,0,0,Rainy,1.6,2,482018
2019-01-25,17,4,1,0,0,Rainy,1.8,3,274414
2019-01-26,10,5,1,0,1,Rainy,3.7,5,292030
2019-01-26,19,5,1,1,0,Rainy,2.4,5,362786
2019-01-27,19,6,1,1,0,Sunny,3.9,5,196916
2019-01-28,5,0,1,0,0,Rainy,1.6,2,147515
2019-01-31,11,3,1,0,0,Sunny,2.0,3,282568
2019-01-31,16,3,1,0,0,Rainy,1.6,3,189808
2019-01-31,5,3,1,1,0,Rainy,4.8,4,132495
2019-01-31,18,3,1,0,0,Cloudy,2.6,2,307512
2019-02-01,9,4,2,0,1,Sunny,2.3,5,162144
2019-02-01,19,4,2,1,0,Cloudy,1.1,5,235296
2019-02-02,14,5,2,1,0,Rainy,1.6,3,351008
2019-02-02,17,5,2,0,0,Sunny,2.7,5,236895
2019-02-02,12,5,2,0,0,Rainy,1.3,3,277524
2019-02-03,8,6,2,1,0,Cloudy,3.0,3,195856
2019-02-04,9,0,2,0,0,Sunny,2.8,4,159678
2019-02-05,8,1,2,1,0,Cloudy,4.1,2,209320
2019-02-05,16,1,2,0,0,Rainy,3.6,3,199840
2019-02-05,16,1,2,0,0,Rainy,2.8,3,373184
2019-02-05,18,1,2,0,0,Rainy,1.9,3,505944
2019-02-06,8,2,2,0,0,Sunny,3.9,4,233208
2019-02-06,16,2,2,0,0,Cloudy,3.8,3,178192
2019-02-06,12,2,2,0,0,Cloudy,1.6,2,161040
2019-02-07,6,3,2,0,0,Rainy,4.7,2,95070
2019-02-08,5,4,2,0,0,Cloudy,1.3,5,69530
2019-02-09,7,5,2,0,1,Sunny,1.2,2,205359
2019-02-10,13,6,2,0,0,Rainy,1.7,5,291369
2019-02-11,8,0,2,0,0,Rainy,4.6,2,82208
2019-02-12,14,1,2,0,0,Rainy,3.1,5,397362
2019-02-17,9,6,2,0,0,Sunny,4.2,3,248499
2019-02-18,6,0,2,0,0,Rainy,1.9,4,98022
2019-02-22,8,4,2,0,1,Rainy,3.0,4,175552
2019-02-22,6,4,2,0,0,Rainy,2.4,4,155436
2019-02-23,19,5,2,1,1,Rainy,4.3,3,514501
2019-02-23,6,5,2,0,1,Cloudy,1.1,4,133836
2019-02-24,8,6,2,0,0,Rainy,2.0,2,164024
2019-02-24,10,6,2,1,0,Sunny,1.6,5,292250
2019-02-26,11,1,2,0,0,Rainy,4.4,3,156288
2019-03-01,14,4,3,0,0,Rainy,2.9,4,302260
2019-03-05,7,1,3,0,1,Cloudy,2.6,2,146202
2019-03-08,7,4,3,0,0,Rainy,2.8,2,160062
2019-03-08,14,4,3,0,1,Cloudy,4.9,3,155232
2019-03-11,10,0,3,0,0,Sunny,4.4,3,133630
2019-03-11,17,0,3,0,1,Cloudy,3.8,4,170408
2019-03-11,16,0,3,0,1,Rainy,2.2,5,316224
2019-03-14,7,3,3,0,0,Sunny,1.7,4,139713
2019-03-14,17,3,3,0,0,Rainy,4.7,4,389895
2019-03-18,6,0,3,0,0,Cloudy,2.7,3,108408
2019-03-18,12,0,3,0,0,Sunny,2.1,4,343428
2019-03-18,9,0,3,0,1,Sunny,2.9,4,155655
2019-03-19,19,1,3,0,0,Cloudy,4.7,5,349448
2019-03-20,5,2,3,0,0,Cloudy,2.5,2,106950
2019-03-21,7,3,3,0,0,Sunny,3.3,2,129136
2019-03-21,14,3,3,0,0,Sunny,4.2,5,286062
2019-03-23,12,5,3,0,0,Cloudy,2.7,2,300456
2019-03-25,8,0,3,0,0,Rainy,1.9,4,236472
2019-03-26,18,1,3,0,0,Sunny,5.0,5,387504
2019-03-28,11,3,3,0,0,Cloudy,4.8,5,283173
2019-03-29,14,4,3,0,0,Rainy,4.4,3,260470
2019-03-29,16,4,3,0,0,Sunny,3.8,2,192224
2019-03-29,18,4,3,0,0,Sunny,2.2,3,204858
2019-03-31,18,6,3,0,0,Cloudy,4.7,4,199764
2019-03-31,6,6,3,0,0,Rainy,2.1,5,178860
2019-04-01,11,0,4,0,0,Sunny,4.2,4,210111
2019-04-01,9,0,4,0,0,Rainy,4.7,2,91683
2019-04-02,9,1,4,0,0,Rainy,3.4,3,197532
2019-04-02,10,1,4,0,1,Sunny,4.2,2,202070
2019-04-05,17,4,4,0,0,Rainy,4.2,4,205564
2019-04-05,13,4,4,0,1,Sunny,1.8,3,370682
2019-04-06,18,5,4,0,0,Rainy,3.7,2,274356
2019-04-09,10,1,4,0,0,Sunny,1.4,4,185490
2019-04-11,16,3,4,0,0,Cloudy,3.0,2,242960
2019-04-12,17,4,4,0,0,Sunny,1.6,5,429607
2019-04-13,19,5,4,0,0,Sunny,2.7,3,299744
2019-04-14,18,6,4,0,0,Sunny,4.3,3,404082
2019-04-15,12,0,4,0,0,Rainy,4.9,3,213876
2019-04-16,11,1,4,0,0,Cloudy,2.3,5,282887
2019-04-16,13,1,4,0,0,Rainy,3.1,3,225615
2019-04-16,8,1,4,0,0,Rainy,3.0,5,131720
2019-04-18,6,3,4,0,0,Sunny,4.8,3,136422
2019-04-19,11,4,4,0,0,Rainy,2.9,2,306691
2019-04-19,10,4,4,0,0,Sunny,3.8,2,233240
2019-04-20,5,5,4,1,0,Cloudy,4.7,2,101750
2019-04-20,15,5,4,0,0,Rainy,2.5,2,188325
2019-04-21,13,6,4,0,0,Rainy,4.6,5,168363
2019-04-21,13,6,4,0,1,Rainy,4.7,4,359086
2019-04-21,16,6,4,0,0,Sunny,4.7,4,235632
2019-04-22,6,0,4,0,0,Sunny,2.1,2,94116
2019-04-22,7,0,4,1,0,Rainy,2.6,4,95907
2019-04-23,9,1,4,0,0,Rainy,4.5,4,115020
2019-04-27,9,5,4,0,0,Cloudy,2.4,3,251748
2019-04-30,19,1,4,0,0,Cloudy,3.4,5,234992
2019-04-30,5,1,4,0,0,Cloudy,1.5,2,127960
2019-05-03,12,4,5,0,0,Cloudy,1.2,4,125232
2019-05-03,16,4,5,0,0,Cloudy,2.6,4,205248
2019-05-04,12,5,5,1,0,Sunny,3.3,2,138672
2019-05-04,8,5,5,0,0,Cloudy,2.6,3,186912
2019-05-05,17,6,5,0,0,Cloudy,3.3,2,426037
2019-05-06,11,0,5,0,0,Rainy,3.1,3,226336
2019-05-07,19,1,5,0,0,Sunny,3.7,4,504754
2019-05-08,19,2,5,0,0,Cloudy,3.6,5,326610
2019-05-08,15,2,5,0,0,Cloudy,2.7,3,233475
2019-05-09,14,3,5,0,0,Cloudy,2.7,3,355166
2019-05-12,7,6,5,0,1,Rainy,1.6,2,81123
2019-05-12,10,6,5,0,0,Rainy,3.1,4,101590
2019-05-12,18,6,5,0,1,Rainy,3.3,5,398610
2019-05-14,14,1,5,0,0,Cloudy,2.9,2,355222
2019-05-15,17,2,5,0,0,Rainy,2.3,2,281435
2019-05-17,14,4,5,0,0,Cloudy,3.9,5,367318
2019-05-17,16,4,5,0,0,Sunny,1.3,4,307248
2019-05-18,18,5,5,0,0,Cloudy,4.7,5,328392
2019-05-18,13,5,5,0,0,Rainy,1.1,2,321659
2019-05-18,5,5,5,0,0,Sunny,4.8,2,116665
2019-05-19,9,6,5,0,1,Cloudy,2.8,3,210069
2019-05-20,8,0,5,1,0,Sunny,2.7,5,229528
2019-05-21,12,1,5,0,0,Sunny,2.0,5,134736
2019-05-24,15,4,5,0,0,Sunny,1.0,5,233850
2019-05-25,16,5,5,0,0,Cloudy,2.1,2,249360
2019-05-26,5,6,5,0,0,Rainy,1.4,4,96135
2019-05-26,13,6,5,0,0,Cloudy,3.6,2,208598
2019-05-26,10,6,5,0,1,Rainy,2.3,3,222370
2019-05-27,8,0,5,0,0,Cloudy,4.1,2,205192
2019-05-28,16,1,5,0,0,Cloudy,1.8,2,239120
2019-05-28,13,1,5,1,0,Cloudy,4.6,2,233051
2019-05-29,15,2,5,0,1,Rainy,3.1,3,339615
2019-05-31,9,4,5,0,0,Cloudy,1.5,5,233982
2019-05-31,19,4,5,0,0,Sunny,2.6,4,444334
2019-06-01,9,5,6,0,0,Cloudy,1.8,4,153144
2019-06-02,16,6,6,0,0,Sunny,1.8,3,384432
2019-06-02,9,6,6,0,0,Rainy,3.0,5,233280
2019-06-05,5,2,6,0,0,Rainy,3.7,5,118760
2019-06-05,5,2,6,0,1,Cloudy,4.6,3,141340
2019-06-05,12,2,6,0,1,Cloudy,3.0,2,338316
2019-06-06,16,3,6,0,0,Cloudy,4.9,5,210672
2019-06-08,12,5,6,0,0,Sunny,4.8,4,263868
2019-06-08,16,5,6,0,0,Rainy,4.5,3,385392
2019-06-09,19,6,6,0,1,Sunny,3.0,4,236303
2019-06-09,19,6,6,0,0,Sunny,1.6,2,480225
2019-06-10,10,0,6,0,0,Cloudy,1.9,3,152760
2019-06-10,16,0,6,0,0,Cloudy,3.6,4,301744
2019-06-10,15,0,6,0,0,Sunny,2.7,4,267270
2019-06-16,17,6,6,0,0,Sunny,1.6,2,250376
2019-06-18,8,1,6,0,0,Cloudy,2.9,3,232064
2019-06-21,6,4,6,0,0,Cloudy,1.1,5,94428
2019-06-21,18,4,6,0,1,Sunny,3.9,5,284274
2019-06-22,6,5,6,0,0,Cloudy,1.3,4,87138
2019-06-24,13,0,6,0,0,Cloudy,3.5,2,202423
2019-06-25,19,1,6,0,0,Sunny,4.2,4,497971
2019-06-26,9,2,6,0,0,Sunny,1.5,2,227214
2019-06-27,8,3,6,1,0,Rainy,3.1,5,163040
2019-06-30,14,6,6,0,0,Sunny,4.1,4,171136
2019-06-30,17,6,6,0,0,Cloudy,2.0,4,312613
2019-06-30,5,6,6,0,1,Sunny,1.7,2,129635
2019-07-01,11,0,7,0,0,Sunny,2.3,3,238524
2019-07-02,7,1,7,0,0,Sunny,3.2,2,144480
2019-07-04,10,3,7,0,0,Rainy,3.3,3,186620
2019-07-04,9,3,7,0,0,Rainy,1.5,5,147249
2019-07-05,9,4,7,0,0,Cloudy,2.8,4,107532
2019-07-05,15,4,7,1,1,Rainy,2.1,4,331365
2019-07-06,9,5,7,0,0,Sunny,4.4,2,197928
2019-07-08,5,0,7,0,0,Rainy,2.3,2,81590
2019-07-11,5,3,7,0,1,Sunny,4.4,5,110900
2019-07-13,7,5,7,1,0,Rainy,2.7,5,71638
2019-07-14,18,6,7,0,0,Rainy,3.9,3,456696
2019-07-15,16,0,7,0,0,Rainy,3.0,5,479856
2019-07-17,14,2,7,1,0,Sunny,3.5,5,147308
2019-07-17,8,2,7,0,0,Rainy,2.6,5,181744
2019-07-18,9,3,7,0,0,Sunny,4.1,5,178389
2019-07-18,6,3,7,0,0,Sunny,2.7,3,94992
2019-07-18,12,3,7,0,0,Cloudy,2.8,5,273840
2019-07-19,15,4,7,0,0,Rainy,3.1,3,393165
2019-07-20,15,5,7,0,0,Cloudy,4.3,2,256830
2019-07-20,18,5,7,1,0,Cloudy,3.6,4,285156
2019-07-21,6,6,7,1,1,Sunny,2.4,2,67896
2019-07-23,13,1,7,0,0,Rainy,3.7,5,301600
2019-07-24,6,2,7,0,0,Sunny,3.6,4,165048
2019-07-24,17,2,7,0,0,Sunny,4.7,5,428502
2019-07-28,13,6,7,0,0,Rainy,4.4,5,376623
2019-07-28,11,6,7,0,1,Sunny,3.6,2,125158
2019-07-29,19,0,7,0,0,Rainy,2.4,5,565402
2019-07-29,12,0,7,0,0,Rainy,4.1,2,138228
2019-07-29,19,0,7,0,0,Sunny,3.3,5,340765
2019-07-31,15,2,7,1,0,Sunny,4.9,3,241395
2019-08-01,6,3,8,0,0,Cloudy,2.0,4,92130
2019-08-01,11,3,8,0,0,Sunny,1.3,2,209913
2019-08-02,16,4,8,0,0,Rainy,1.3,2,249184
2019-08-02,10,4,8,0,0,Cloudy,3.6,4,233240
2019-08-03,8,5,8,0,0,Rainy,4.8,2,98056
2019-08-04,11,6,8,0,0,Cloudy,1.0,4,257521
2019-08-08,18,3,8,0,0,Sunny,3.9,3,454194
2019-08-10,17,5,8,0,1,Sunny,3.6,5,440079
2019-08-11,8,6,8,0,0,Sunny,3.9,3,236968
2019-08-11,6,6,8,0,0,Rainy,2.4,5,72030
2019-08-11,14,6,8,0,0,Cloudy,4.3,4,397600
2019-08-13,16,1,8,1,0,Rainy,1.2,3,333760
2019-08-16,11,4,8,0,1,Cloudy,4.0,5,220770
2019-08-16,12,4,8,1,0,Sunny,2.1,4,232656
2019-08-17,6,5,8,0,0,Rainy,2.9,5,168936
2019-08-18,9,6,8,1,0,Sunny,4.3,2,253215
2019-08-19,5,0,8,0,0,Rainy,2.1,2,123045
2019-08-21,11,2,8,0,0,Sunny,1.7,4,289993
2019-08-24,12,5,8,0,0,Rainy,3.7,5,355248
2019-08-24,17,5,8,0,0,Rainy,3.1,2,457691
2019-08-27,10,1,8,0,0,Cloudy,3.1,3,248230
2019-08-27,9,1,8,0,0,Sunny,2.0,5,250605
2019-08-28,19,2,8,0,0,Cloudy,1.1,5,352393
2019-08-30,10,4,8,0,0,Cloudy,2.6,2,215150
2019-09-01,19,6,9,0,0,Sunny,1.4,2,194446
2019-09-02,6,0,9,0,0,Rainy,4.6,4,147372
2019-09-02,5,0,9,0,0,Cloudy,1.2,5,139660
2019-09-05,11,3,9,0,0,Sunny,2.7,3,192280
2019-09-05,11,3,9,0,0,Rainy,1.2,2,156343
2019-09-05,14,3,9,0,1,Cloudy,1.4,5,284102
2019-09-07,15,5,9,0,1,Cloudy,3.6,2,175095
2019-09-08,14,6,9,0,0,Cloudy,3.6,4,169400
2019-09-09,18,0,9,1,0,Rainy,1.1,5,393282
2019-09-12,6,3,9,0,0,Cloudy,1.0,5,177342
2019-09-15,6,6,9,0,0,Rainy,1.3,4,169194
2019-09-15,5,6,9,0,0,Cloudy,4.1,3,69205
2019-09-16,14,0,9,0,0,Sunny,3.3,2,282758
2019-09-16,12,0,9,0,1,Cloudy,1.2,4,216192
2019-09-16,19,0,9,0,0,Sunny,3.0,5,323209
2019-09-17,12,1,9,0,0,Sunny,3.8,4,173916
2019-09-18,5,2,9,0,0,Sunny,4.5,5,135290
2019-09-19,16,3,9,0,0,Rainy,4.7,4,297248
2019-09-20,15,4,9,0,0,Sunny,2.3,3,182370
2019-09-20,12,4,9,0,0,Cloudy,1.5,5,348540
2019-09-21,13,5,9,0,0,Rainy,1.9,4,156832
2019-09-24,18,1,9,0,0,Sunny,4.1,3,238554
2019-09-25,8,2,9,0,0,Rainy,4.9,3,182624
2019-09-26,5,3,9,1,0,Rainy,2.9,2,57005
2019-09-26,5,3,9,0,0,Rainy,2.2,5,148215
2019-09-26,7,3,9,0,0,Cloudy,2.7,2,176351
2019-09-26,19,3,9,0,0,Sunny,2.2,3,419824
2019-09-26,18,3,9,0,1,Rainy,2.0,2,255852
2019-09-27,9,4,9,0,0,Rainy,3.4,2,266499
2019-09-28,9,5,9,0,1,Rainy,1.1,4,189207
2019-10-01,13,1,10,0,1,Sunny,2.0,2,285350
2019-10-02,14,2,10,0,0,Rainy,3.6,3,289856
2019-10-02,18,2,10,0,0,Rainy,1.1,2,366174
2019-10-03,16,3,10,1,1,Cloudy,1.3,5,349872
2019-10-04,6,4,10,0,0,Sunny,2.2,4,76470
2019-10-05,6,5,10,0,0,Cloudy,4.5,3,83196
2019-10-07,10,0,10,0,1,Sunny,4.1,2,219560
2019-10-08,19,1,10,0,0,Sunny,1.1,5,300542
2019-10-08,13,1,10,0,0,Sunny,3.0,3,371878
2019-10-08,5,1,10,0,0,Cloudy,2.1,2,130465
2019-10-09,13,2,10,0,0,Cloudy,3.6,4,379288
2019-10-10,13,3,10,0,0,Cloudy,3.9,2,331409
2019-10-11,17,4,10,0,0,Cloudy,4.5,3,474436
2019-10-15,13,1,10,0,0,Rainy,2.9,3,236912
2019-10-16,9,2,10,0,0,Rainy,5.0,3,126225
2019-10-16,17,2,10,1,0,Rainy,4.9,5,492150
2019-10-18,19,4,10,0,0,Sunny,4.5,2,554553
2019-10-18,13,4,10,0,0,Rainy,3.3,2,210015
2019-10-19,15,5,10,0,0,Sunny,2.6,2,357585
2019-10-20,8,6,10,0,0,Cloudy,2.5,4,85752
2019-10-21,6,0,10,0,0,Sunny,1.0,5,149340
2019-10-22,17,1,10,0,1,Sunny,2.0,5,465052
2019-10-23,10,2,10,0,0,Rainy,3.9,4,285910
2019-10-23,18,2,10,0,0,Cloudy,3.4,5,259668
2019-10-24,8,3,10,0,0,Cloudy,4.7,4,180096
2019-10-24,10,3,10,0,0,Rainy,1.2,3,250640
2019-10-25,7,4,10,0,0,Cloudy,1.6,3,166369
2019-10-26,10,5,10,0,0,Cloudy,4.2,5,213080
2019-10-26,6,5,10,0,0,Cloudy,2.4,3,128862
2019-10-26,6,5,10,0,0,Rainy,1.5,3,137418
2019-10-27,17,6,10,0,0,Cloudy,5.0,3,317560
2019-10-28,13,0,10,0,0,Sunny,4.1,2,158652
2019-10-28,11,0,10,0,0,Sunny,2.6,3,326260
2019-10-28,7,0,10,0,1,Cloudy,4.3,2,77714
2019-10-29,17,1,10,0,0,Rainy,3.7,4,259131
2019-10-30,15,2,10,0,0,Rainy,4.2,4,249210
2019-11-01,5,4,11,1,0,Rainy,4.3,4,131495
2019-11-03,12,6,11,0,1,Cloudy,1.3,4,224484
2019-11-03,18,6,11,0,0,Cloudy,3.5,4,430434
2019-11-05,10,1,11,0,1,Sunny,1.0,3,106300
2019-11-07,11,3,11,0,0,Rainy,1.2,3,240988
2019-11-07,13,3,11,0,0,Sunny,4.6,3,271011
2019-11-07,9,3,11,1,0,Sunny,3.1,4,172539
2019-11-08,19,4,11,0,0,Rainy,3.9,4,431699
2019-11-13,5,2,11,0,0,Cloudy,4.4,2,133305
2019-11-13,16,2,11,0,0,Cloudy,4.8,5,425856
2019-11-13,14,2,11,0,0,Sunny,4.5,3,276416
2019-11-14,11,3,11,0,1,Sunny,2.9,5,172590
2019-11-15,19,4,11,0,0,Sunny,2.3,4,444619
2019-11-15,9,4,11,0,1,Sunny,1.6,4,158931
2019-11-16,7,5,11,0,0,Rainy,2.6,4,144207
2019-11-16,16,5,11,0,0,Sunny,2.5,5,347264
2019-11-16,17,5,11,0,1,Sunny,3.2,2,170425
2019-11-17,13,6,11,0,0,Cloudy,3.7,4,329992
2019-11-18,5,0,11,0,0,Cloudy,4.9,2,118525
2019-11-19,5,1,11,0,0,Cloudy,3.9,2,93260
2019-11-19,5,1,11,0,0,Rainy,3.6,3,116895
2019-11-20,7,2,11,0,0,Rainy,2.3,5,119042
2019-11-20,16,2,11,0,0,Cloudy,1.1,4,477872
2019-11-20,10,2,11,0,0,Cloudy,2.2,2,283780
2019-11-21,14,3,11,0,1,Sunny,4.1,5,261548
2019-11-21,15,3,11,0,0,Sunny,1.8,5,166080
2019-11-21,7,3,11,0,1,Rainy,3.8,4,71505
2019-11-22,12,4,11,0,0,Rainy,3.3,3,238980
2019-11-23,18,5,11,0,0,Sunny,1.7,3,356112
2019-11-24,18,6,11,0,0,Cloudy,2.0,2,521820
2019-11-28,14,3,11,0,0,Sunny,3.0,3,347536
2019-11-28,6,3,11,0,1,Rainy,2.7,3,79878
2019-11-29,18,4,11,0,0,Rainy,4.1,3,378594
2019-11-30,13,5,11,0,0,Sunny,3.9,5,259584
2019-11-30,7,5,11,0,0,Sunny,3.3,4,183687
2019-11-30,9,5,11,0,0,Sunny,4.3,5,143451
2019-12-01,14,6,12,0,1,Rainy,3.3,5,345744
2019-12-01,12,6,12,0,1,Cloudy,4.9,4,297528
2019-12-01,6,6,12,0,0,Sunny,1.9,5,73770
2019-12-03,10,1,12,0,0,Rainy,3.9,2,116960
2019-12-04,16,2,12,0,0,Rainy,2.5,2,338960
2019-12-05,9,3,12,0,0,Rainy,2.1,5,254970
2019-12-06,17,4,12,0,1,Sunny,1.7,3,374017
2019-12-08,14,6,12,0,0,Sunny,3.2,5,340900
2019-12-10,13,1,12,0,0,Cloudy,1.9,3,379171
2019-12-10,16,1,12,0,0,Rainy,1.8,5,218304
2019-12-10,9,1,12,0,1,Sunny,5.0,2,147780
2019-12-11,6,2,12,0,0,Rainy,4.2,3,131022
2019-12-11,9,2,12,0,0,Rainy,4.0,2,261261
2019-12-11,19,2,12,0,0,Cloudy,4.2,5,310707
2019-12-11,16,2,12,0,0,Sunny,4.9,4,328656
2019-12-12,8,3,12,0,0,Sunny,3.3,3,95456
2019-12-13,19,4,12,0,0,Rainy,1.9,3,408234
2019-12-14,15,5,12,0,0,Rainy,4.4,5,176355
2019-12-15,11,6,12,0,0,Cloudy,4.0,5,165935
2019-12-15,10,6,12,0,0,Cloudy,2.7,3,156370
2019-12-15,18,6,12,0,0,Cloudy,2.9,4,200088
2019-12-15,6,6,12,0,0,Cloudy,2.6,5,124554
2019-12-16,16,0,12,0,0,Cloudy,4.7,5,347056
2019-12-18,15,2,12,0,0,Cloudy,2.4,5,157380
2019-12-19,15,3,12,0,0,Rainy,4.9,4,282165
2019-12-20,17,4,12,0,1,Cloudy,4.6,3,280058
2019-12-21,9,5,12,0,0,Rainy,3.5,2,219465
2019-12-22,11,6,12,0,0,Rainy,3.3,5,217118
2019-12-23,15,0,12,0,0,Sunny,2.5,4,359685
2019-12-24,11,1,12,0,0,Rainy,1.1,3,239305
2019-12-25,19,2,12,0,0,Rainy,1.5,3,376143
2019-12-26,9,3,12,0,0,Cloudy,4.0,4,221463
2019-12-27,16,4,12,0,0,Rainy,2.9,5,365872
2019-12-27,19,4,12,1,0,Cloudy,1.6,2,553413
2019-12-28,13,5,12,0,0,Cloudy,2.1,5,232258
2019-12-28,8,5,12,0,0,Cloudy,4.8,3,203592
2019-12-28,15,5,12,0,0,Sunny,2.5,2,310275
2019-12-28,7,5,12,0,0,Cloudy,4.6,5,108157
2019-12-30,19,0,12,1,0,Rainy,2.2,2,352412
2019-12-30,8,0,12,0,0,Cloudy,3.2,4,137488
2019-12-31,9,1,12,0,1,Cloudy,1.1,5,144918
2019-12-31,17,1,12,0,0,Cloudy,3.1,3,180523
2020-01-01,10,2,1,1,0,Sunny,3.5,3,108820
2020-01-02,7,3,1,0,0,Rainy,1.9,2,95494
2020-01-02,6,3,1,0,1,Sunny,3.3,4,67776
2020-01-03,18,4,1,0,0,Rainy,3.6,5,434196
2020-01-05,17,6,1,0,0,Sunny,3.7,4,219215
2020-01-05,8,6,1,0,1,Rainy,4.1,4,218504
2020-01-06,9,0,1,0,1,Sunny,2.2,2,138294
2020-01-06,8,0,1,0,0,Cloudy,3.3,2,149688
2020-01-08,18,2,1,0,0,Sunny,4.9,5,532728
2020-01-08,15,2,1,0,0,Sunny,4.6,3,431895
2020-01-09,17,3,1,0,0,Cloudy,4.8,5,309383
2020-01-09,19,3,1,0,0,Cloudy,2.5,4,393623
2020-01-09,16,3,1,1,0,Rainy,4.1,2,214768
2020-01-10,7,4,1,0,0,Rainy,3.5,4,141477
2020-01-11,12,5,1,0,0,Rainy,1.3,2,273384
2020-01-13,14,0,1,0,0,Sunny,4.3,3,314636
2020-01-14,8,1,1,0,0,Rainy,3.7,4,109336
2020-01-16,18,3,1,0,0,Sunny,1.8,2,328986
2020-01-18,6,5,1,0,0,Sunny,1.3,5,134544
2020-01-18,6,5,1,0,1,Rainy,4.3,5,173112
2020-01-18,5,5,1,0,0,Rainy,1.3,5,140100
2020-01-19,17,6,1,0,0,Sunny,1.4,4,308635
2020-01-20,8,0,1,0,1,Cloudy,2.7,2,108664
2020-01-20,14,0,1,0,0,Cloudy,1.5,2,357210
2020-01-21,13,1,1,1,0,Sunny,4.7,2,182117
2020-01-21,18,1,1,0,1,Rainy,2.9,4,534780
2020-01-22,15,2,1,0,0,Sunny,3.3,2,306150
2020-01-22,11,2,1,0,0,Sunny,4.7,3,314611
2020-01-23,19,3,1,0,0,Rainy,3.1,4,284373
2020-01-24,16,4,1,0,0,Cloudy,2.4,3,460048
2020-01-24,14,4,1,0,0,Sunny,4.2,3,289730
2020-01-25,11,5,1,0,1,Cloudy,2.8,5,210485
2020-01-28,17,1,1,0,0,Cloudy,2.3,4,267274
2020-01-29,19,2,1,0,0,Rainy,3.9,2,484766
2020-01-29,11,2,1,0,0,Sunny,4.2,3,232408
2020-01-29,19,2,1,1,0,Sunny,4.2,4,274436
2020-01-29,12,2,1,0,0,Cloudy,4.9,2,211416
2020-01-29,5,2,1,0,0,Cloudy,4.1,5,140300
2020-01-31,14,4,1,0,0,Rainy,4.1,4,156744
2020-01-31,17,4,1,0,0,Cloudy,4.4,4,379049
2020-01-31,14,4,1,0,0,Rainy,1.0,4,179018
2020-02-01,12,5,2,0,0,Sunny,2.4,2,215124
2020-02-02,8,6,2,1,0,Rainy,4.0,3,237616
2020-02-02,8,6,2,0,0,Cloudy,3.4,3,97408
2020-02-03,8,0,2,0,0,Sunny,1.7,4,150336
2020-02-03,10,0,2,0,0,Rainy,2.2,4,191710
2020-02-03,11,0,2,1,0,Sunny,2.3,2,136961
2020-02-03,10,0,2,0,0,Rainy,3.3,5,106280
2020-02-06,5,3,2,0,1,Cloudy,4.3,4,99105
2020-02-06,16,3,2,0,0,Cloudy,4.7,4,284448
2020-02-06,12,3,2,0,0,Sunny,4.0,5,164352
2020-02-08,17,5,2,0,0,Sunny,4.4,4,495533
2020-02-08,14,5,2,0,0,Sunny,2.9,3,321608
2020-02-09,19,6,2,0,0,Rainy,2.6,4,347833
2020-02-10,15,0,2,0,0,Cloudy,2.6,3,224340
2020-02-10,17,0,2,0,0,Sunny,3.5,2,343315
2020-02-11,11,1,2,0,1,Sunny,1.5,2,297836
2020-02-13,10,3,2,0,1,Sunny,3.3,3,295460
2020-02-14,10,4,2,0,0,Rainy,3.7,3,111050
2020-02-15,9,5,2,0,0,Sunny,2.8,5,264528
2020-02-15,10,5,2,0,0,Sunny,4.8,3,285450
2020-02-16,16,6,2,0,0,Rainy,3.4,3,406672
2020-02-16,13,6,2,1,0,Rainy,1.9,4,314444
2020-02-17,14,0,2,0,0,Sunny,2.9,5,316428
2020-02-17,13,0,2,0,0,Sunny,3.7,3,250328
2020-02-18,19,1,2,0,0,Rainy,2.3,3,460028
2020-02-19,14,2,2,0,0,Cloudy,1.3,3,166782
2020-02-20,12,3,2,1,0,Rainy,3.3,4,247116
2020-02-23,14,6,2,0,0,Cloudy,4.8,4,164808
2020-02-24,13,0,2,0,0,Sunny,2.9,4,379132
2020-02-24,17,0,2,0,0,Sunny,4.6,2,390932
2020-02-24,14,0,2,0,0,Cloudy,4.3,4,180194
2020-02-29,12,5,2,0,1,Rainy,1.6,3,278808
2020-03-01,12,6,3,0,0,Sunny,3.8,4,324528
2020-03-02,5,0,3,0,0,Cloudy,2.7,4,102605
2020-03-02,14,0,3,1,0,Rainy,2.0,5,288988
2020-03-04,15,2,3,0,0,Cloudy,3.7,3,166980
2020-03-04,9,2,3,0,0,Rainy,4.0,4,96291
2020-03-04,8,2,3,0,0,Rainy,1.7,2,196272
2020-03-05,6,3,3,0,0,Rainy,4.7,5,121380
2020-03-05,12,3,3,0,0,Rainy,4.0,4,195564
2020-03-05,7,3,3,0,0,Cloudy,4.7,5,159873
2020-03-06,8,4,3,0,0,Cloudy,2.3,5,142496
2020-03-07,16,5,3,0,0,Cloudy,4.8,2,232912
2020-03-08,11,6,3,0,0,Cloudy,2.5,2,133969
2020-03-08,14,6,3,0,0,Cloudy,1.2,2,294420
2020-03-08,13,6,3,0,0,Rainy,4.1,3,247845
2020-03-08,6,6,3,1,0,Sunny,3.8,5,109650
2020-03-10,7,1,3,1,0,Sunny,3.4,4,194642
2020-03-10,8,1,3,1,0,Cloudy,3.0,2,200712
2020-03-11,14,2,3,0,1,Cloudy,1.1,2,184520
2020-03-12,5,3,3,0,0,Sunny,3.5,5,83480
2020-03-12,11,3,3,0,0,Rainy,2.7,5,215413
2020-03-14,6,5,3,1,0,Cloudy,3.2,5,161988
2020-03-15,9,6,3,0,0,Rainy,2.7,4,214821
2020-03-15,19,6,3,0,1,Sunny,4.9,3,413383
2020-03-15,5,6,3,0,0,Sunny,3.4,3,133270
2020-03-15,7,6,3,0,0,Cloudy,4.0,2,155806
2020-03-16,16,0,3,0,0,Rainy,4.7,3,199488
2020-03-16,6,0,3,0,0,Cloudy,3.4,4,145248
2020-03-16,5,0,3,0,0,Sunny,1.0,3,125210
2020-03-16,11,0,3,0,1,Rainy,1.1,4,282029
2020-03-17,9,1,3,0,0,Cloudy,3.8,2,193914
2020-03-17,5,1,3,0,0,Cloudy,2.1,5,111635
2020-03-22,10,6,3,0,1,Cloudy,3.3,4,242700
2020-03-24,9,1,3,0,0,Sunny,1.8,5,229707
2020-03-24,19,1,3,0,0,Cloudy,2.1,2,461700
2020-03-24,7,1,3,0,0,Rainy,3.0,4,209937
2020-03-25,16,2,3,1,0,Cloudy,4.9,4,332400
2020-03-25,11,2,3,0,0,Sunny,3.5,3,244915
2020-03-25,15,2,3,1,0,Cloudy,4.7,4,441885
2020-03-25,14,2,3,1,0,Sunny,4.8,2,373422
2020-03-26,13,3,3,0,0,Sunny,1.8,5,215982
2020-03-26,18,3,3,0,0,Rainy,2.2,4,238536
2020-03-26,17,3,3,0,0,Rainy,4.1,2,296055
2020-03-26,17,3,3,0,0,Cloudy,4.5,2,453254
2020-03-27,13,4,3,0,0,Sunny,3.1,4,274508
2020-03-27,18,4,3,0,0,Sunny,5.0,3,485352
2020-03-29,13,6,3,0,0,Rainy,1.0,4,194454
2020-03-31,6,1,3,0,0,Rainy,2.2,4,85656
2020-03-31,7,1,3,0,0,Cloudy,3.5,3,103432
2020-04-01,11,2,4,0,0,Sunny,2.9,2,299288
2020-04-02,9,3,4,0,0,Rainy,1.5,4,124488
2020-04-02,6,3,4,0,0,Cloudy,2.5,3,149406
2020-04-02,7,3,4,0,0,Sunny,1.1,5,108115
2020-04-02,14,3,4,0,0,Sunny,3.6,5,159320
2020-04-03,10,4,4,0,0,Rainy,4.6,3,198650
2020-04-03,17,4,4,0,0,Cloudy,4.5,2,406742
2020-04-04,11,5,4,0,1,Rainy,3.8,3,324940
2020-04-04,13,5,4,0,0,Cloudy,2.9,2,280540
2020-04-05,5,6,4,0,0,Sunny,3.0,5,78170
2020-04-06,15,0,4,0,0,Cloudy,1.5,4,237150
2020-04-06,11,0,4,0,0,Cloudy,2.4,3,221969
2020-04-07,12,1,4,0,0,Cloudy,1.8,5,267012
2020-04-07,16,1,4,0,0,Cloudy,4.3,4,370096
2020-04-08,18,2,4,0,0,Cloudy,4.7,5,530874
2020-04-10,7,4,4,0,0,Rainy,3.1,3,158949
2020-04-10,8,4,4,1,0,Cloudy,3.9,3,236992
2020-04-10,14,4,4,0,0,Cloudy,1.5,4,395262
2020-04-11,10,5,4,0,0,Sunny,3.4,3,127490
2020-04-12,14,6,4,0,0,Cloudy,3.8,5,324184
2020-04-13,11,0,4,0,0,Sunny,2.8,4,292479
2020-04-15,17,2,4,0,0,Rainy,2.0,4,228650
2020-04-15,18,2,4,0,0,Rainy,4.5,5,309852
2020-04-17,8,4,4,0,1,Cloudy,4.0,2,174512
2020-04-17,12,4,4,0,1,Rainy,4.6,4,181692
2020-04-17,9,4,4,0,0,Cloudy,4.3,2,114372
2020-04-20,5,0,4,0,0,Rainy,5.0,5,141875
2020-04-22,8,2,4,0,0,Cloudy,1.8,5,200704
2020-04-23,7,3,4,0,0,Cloudy,1.3,4,152838
2020-04-24,13,4,4,0,0,Sunny,2.3,3,289614
2020-04-26,12,6,4,0,0,Sunny,1.5,4,240168
2020-04-27,5,0,4,0,1,Sunny,3.1,3,66365
2020-04-28,15,1,4,0,0,Sunny,3.5,2,365505
2020-04-28,10,1,4,0,0,Cloudy,3.3,3,145380
2020-04-29,13,2,4,0,0,Rainy,2.0,4,293033
2020-04-30,11,3,4,0,0,Cloudy,4.6,3,205832
2020-04-30,8,3,4,0,0,Sunny,1.1,5,153344
2020-05-01,17,4,5,0,0,Sunny,2.4,2,230367
2020-05-02,5,5,5,0,0,Rainy,3.9,5,111485
2020-05-02,16,5,5,0,0,Sunny,4.1,5,335440
2020-05-03,6,6,5,0,1,Cloudy,2.7,5,76992
2020-05-03,16,6,5,0,0,Cloudy,1.1,5,374752
2020-05-03,9,6,5,0,0,Cloudy,3.5,3,91368
2020-05-04,16,0,5,0,0,Cloudy,1.3,5,338496
2020-05-06,15,2,5,0,0,Cloudy,1.4,3,316620
2020-05-08,9,4,5,1,0,Rainy,3.6,5,115200
2020-05-10,12,6,5,0,1,Cloudy,2.2,4,183720
2020-05-10,10,6,5,0,0,Sunny,2.4,5,199440
2020-05-13,12,2,5,0,1,Sunny,2.9,4,151320
2020-05-13,6,2,5,0,0,Sunny,4.9,3,132402
2020-05-14,7,3,5,0,0,Sunny,4.9,2,77728
2020-05-15,10,4,5,0,1,Rainy,2.7,3,207280
2020-05-16,16,5,5,0,0,Sunny,2.1,2,276208
2020-05-16,17,5,5,0,0,Rainy,2.2,2,202538
2020-05-18,14,0,5,0,0,Sunny,2.1,5,412384
2020-05-20,7,2,5,0,0,Rainy,3.1,2,72842
2020-05-21,10,3,5,0,0,Rainy,3.4,3,236890
2020-05-21,10,3,5,0,1,Rainy,3.0,5,101660
2020-05-21,6,3,5,0,0,Sunny,2.6,2,63048
2020-05-22,11,4,5,0,0,Rainy,1.8,3,308495
2020-05-22,16,4,5,0,1,Cloudy,2.9,2,218624
2020-05-25,6,0,5,0,0,Cloudy,2.4,2,179238
2020-05-25,10,0,5,0,0,Sunny,3.2,5,230500
2020-05-26,5,1,5,0,0,Cloudy,3.7,5,53400
2020-05-26,7,1,5,0,0,Cloudy,3.5,3,202356
2020-05-26,6,1,5,0,0,Cloudy,2.8,5,171024
2020-05-27,11,2,5,0,1,Sunny,3.2,5,157927
2020-05-28,18,3,5,0,0,Sunny,2.1,4,204534
2020-05-28,8,3,5,0,0,Cloudy,1.1,4,156184
2020-05-30,12,5,5,0,0,Sunny,3.5,3,147504
2020-05-30,10,5,5,0,0,Rainy,2.0,5,115380
2020-05-30,16,5,5,0,0,Cloudy,3.7,3,214528
2020-06-01,14,0,6,0,0,Sunny,4.0,4,262528
2020-06-01,8,0,6,0,0,Sunny,4.7,4,226296
2020-06-01,9,0,6,1,0,Cloudy,4.8,4,91566
2020-06-02,17,1,6,0,0,Sunny,1.0,3,207910
2020-06-02,17,1,6,0,0,Cloudy,5.0,5,242879
2020-06-03,19,2,6,1,0,Sunny,3.7,2,420128
2020-06-03,19,2,6,0,0,Rainy,3.6,5,325014
2020-06-04,13,3,6,1,0,Cloudy,1.1,3,255957
2020-06-06,11,5,6,1,0,Rainy,4.4,4,242506
2020-06-09,14,1,6,0,0,Cloudy,1.6,2,413770
2020-06-10,18,2,6,0,0,Sunny,4.3,3,503118
2020-06-11,18,3,6,0,0,Rainy,1.1,4,200718
2020-06-12,13,4,6,0,0,Sunny,3.6,3,229047
2020-06-13,11,5,6,0,0,Cloudy,2.7,2,176363
2020-06-14,16,6,6,0,0,Cloudy,1.8,4,296960
2020-06-15,5,0,6,0,0,Cloudy,1.4,5,74730
2020-06-15,16,0,6,0,0,Cloudy,2.8,3,190512
2020-06-16,12,1,6,1,1,Cloudy,1.5,2,161880
2020-06-16,8,1,6,0,1,Rainy,2.9,5,231352
2020-06-17,7,2,6,0,0,Cloudy,3.5,2,99211
2020-06-18,18,3,6,0,0,Sunny,4.3,3,379170
2020-06-18,17,3,6,0,0,Rainy,3.7,2,470509
2020-06-18,11,3,6,0,0,Sunny,1.3,4,162459
2020-06-20,16,5,6,0,0,Cloudy,2.2,2,236736
2020-06-21,7,6,6,1,0,Sunny,2.2,3,161322
2020-06-23,12,1,6,0,0,Rainy,4.7,4,290532
2020-06-24,10,2,6,0,0,Rainy,4.5,2,293560
2020-06-27,9,5,6,0,1,Rainy,2.5,2,134973
2020-06-28,8,6,6,1,0,Sunny,1.3,4,219008
2020-06-29,12,0,6,0,0,Rainy,4.6,5,217344
2020-06-30,12,1,6,0,0,Sunny,4.6,5,183444
2020-07-01,16,2,7,0,0,Cloudy,4.4,4,329248
2020-07-02,5,3,7,0,0,Cloudy,4.4,2,143120
2020-07-03,13,4,7,0,0,Sunny,2.9,5,362180
2020-07-06,18,0,7,0,0,Rainy,1.7,4,295668
2020-07-07,9,1,7,0,0,Sunny,2.9,3,194391
2020-07-07,8,1,7,0,0,Sunny,3.0,2,83112
2020-07-08,10,2,7,0,1,Sunny,3.0,3,109990
2020-07-08,10,2,7,0,0,Cloudy,3.2,2,228120
2020-07-09,6,3,7,0,0,Sunny,2.0,5,153594
2020-07-09,12,3,7,0,0,Cloudy,2.5,3,142260
2020-07-09,11,3,7,0,0,Sunny,2.7,3,199375
2020-07-09,5,3,7,0,0,Cloudy,1.5,4,118970
2020-07-10,9,4,7,0,0,Sunny,2.8,5,114867
2020-07-11,16,5,7,0,0,Sunny,4.2,5,239776
2020-07-13,10,0,7,0,0,Rainy,4.3,2,114810
2020-07-13,8,0,7,0,0,Rainy,2.6,4,109848
2020-07-14,6,1,7,0,0,Sunny,3.1,4,161010
2020-07-16,17,3,7,0,1,Sunny,1.1,2,501109
2020-07-17,18,4,7,1,0,Sunny,3.7,3,490788
2020-07-17,8,4,7,0,0,Sunny,2.6,2,166064
2020-07-17,5,4,7,0,0,Rainy,2.8,2,148305
2020-07-18,11,5,7,0,1,Cloudy,4.5,2,289421
2020-07-22,6,2,7,1,0,Sunny,2.8,4,111396
2020-07-22,17,2,7,0,0,Rainy,1.1,2,372113
2020-07-22,6,2,7,0,0,Sunny,1.9,2,127524
2020-07-23,13,3,7,0,0,Sunny,2.9,2,278746
2020-07-23,9,3,7,0,0,Cloudy,2.7,5,211689
2020-07-24,6,4,7,0,0,Sunny,4.4,3,87354
2020-07-24,15,4,7,0,1,Sunny,3.2,3,392985
2020-07-24,13,4,7,0,0,Cloudy,3.8,3,224783
2020-07-25,13,5,7,0,1,Cloudy,2.9,3,236080
2020-07-25,5,5,7,0,0,Cloudy,2.8,4,50560
2020-07-27,15,0,7,0,0,Cloudy,2.8,4,443715
2020-07-27,7,0,7,0,1,Rainy,2.6,2,181468
2020-07-27,8,0,7,0,0,Rainy,3.2,4,212184
2020-07-28,18,1,7,0,0,Rainy,2.0,3,205632
2020-08-01,11,5,8,0,0,Sunny,4.6,5,322663
2020-08-03,14,0,8,0,0,Cloudy,2.3,2,413728
2020-08-04,8,1,8,1,0,Cloudy,1.6,2,166464
2020-08-04,6,1,8,0,0,Rainy,1.4,3,96258
2020-08-05,11,2,8,0,0,Sunny,1.1,3,186879
2020-08-05,10,2,8,1,0,Sunny,2.7,3,162610
2020-08-06,7,3,8,0,0,Sunny,1.8,4,76209
2020-08-08,10,5,8,0,0,Rainy,1.1,2,294880
2020-08-09,15,6,8,0,0,Sunny,3.1,3,396495
2020-08-09,19,6,8,0,0,Sunny,3.7,5,568936
2020-08-09,10,6,8,0,0,Sunny,1.3,2,264020
2020-08-11,16,1,8,0,0,Cloudy,2.8,2,356048
2020-08-12,9,2,8,0,0,Rainy,4.0,4,260910
2020-08-12,8,2,8,0,1,Cloudy,4.9,2,142768
2020-08-12,14,2,8,0,0,Cloudy,3.7,3,230048
2020-08-13,16,3,8,0,0,Rainy,2.0,3,375232
2020-08-13,19,3,8,0,0,Cloudy,3.9,5,444505
2020-08-14,5,4,8,0,0,Sunny,3.4,2,68825
2020-08-14,14,4,8,0,0,Sunny,1.8,2,403508
2020-08-14,10,4,8,0,0,Sunny,4.4,4,259500
2020-08-15,6,5,8,0,0,Sunny,2.7,3,135012
2020-08-15,17,5,8,0,1,Rainy,4.8,5,335597
2020-08-15,7,5,8,0,0,Cloudy,3.9,3,111587
2020-08-15,18,5,8,0,0,Cloudy,3.6,2,267390
2020-08-15,12,5,8,0,0,Sunny,3.9,2,301992
2020-08-15,14,5,8,1,1,Sunny,2.9,5,408030
2020-08-16,18,6,8,0,0,Cloudy,3.0,2,284184
2020-08-17,18,0,8,0,0,Rainy,4.4,5,183618
2020-08-18,10,1,8,0,0,Cloudy,3.7,5,205610
2020-08-19,7,2,8,1,0,Sunny,4.6,3,188307
2020-08-21,11,4,8,0,0,Sunny,4.6,5,195107
2020-08-24,8,0,8,0,0,Rainy,4.9,2,95904
2020-08-25,18,1,8,0,0,Cloudy,3.8,4,457938
2020-08-26,13,2,8,0,0,Rainy,3.0,4,282581
2020-08-27,19,3,8,0,0,Rainy,1.7,2,460864
2020-08-28,9,4,8,0,0,Sunny,3.8,4,154458
2020-08-29,7,5,8,1,0,Cloudy,2.2,4,161455
2020-08-29,6,5,8,0,0,Sunny,2.1,5,144684
2020-08-30,15,6,8,0,0,Cloudy,2.0,4,275985
2020-09-02,6,2,9,1,0,Sunny,4.5,4,93798
2020-09-02,7,2,9,0,0,Sunny,4.5,4,110285
2020-09-04,6,4,9,0,0,Cloudy,3.5,3,124950
2020-09-07,18,0,9,0,0,Cloudy,2.9,2,254106
2020-09-07,8,0,9,0,0,Sunny,3.7,5,92144
2020-09-07,6,0,9,0,0,Cloudy,3.4,4,158076
2020-09-08,14,1,9,0,0,Sunny,2.7,2,176400
2020-09-08,13,1,9,0,0,Cloudy,2.5,4,302081
2020-09-09,6,2,9,0,1,Sunny,2.5,3,171474
2020-09-09,13,2,9,0,0,Sunny,3.4,3,176202
2020-09-10,17,3,9,0,1,Sunny,3.6,4,445281
2020-09-10,10,3,9,0,0,Rainy,2.8,4,292330
2020-09-11,5,4,9,0,0,Cloudy,4.9,4,126265
2020-09-12,8,5,9,0,0,Sunny,1.3,3,209552
2020-09-14,19,0,9,0,0,Rainy,2.4,3,223098
2020-09-14,18,0,9,0,0,Sunny,2.7,2,203508
2020-09-16,5,2,9,0,0,Rainy,1.1,5,69245
2020-09-16,18,2,9,0,0,Sunny,2.5,5,402480
2020-09-16,10,2,9,0,0,Sunny,2.1,3,227680
2020-09-18,18,4,9,0,0,Rainy,3.0,5,414576
2020-09-19,17,5,9,0,0,Rainy,2.3,4,241315
2020-09-19,8,5,9,0,0,Cloudy,3.9,2,231512
2020-09-19,7,5,9,0,0,Cloudy,3.0,3,200823
2020-09-19,7,5,9,0,0,Rainy,1.5,3,123333
2020-09-21,13,0,9,0,0,Cloudy,4.0,5,250640
2020-09-21,10,0,9,0,0,Rainy,1.4,4,126420
2020-09-22,13,1,9,0,1,Cloudy,4.4,2,251797
2020-09-23,17,2,9,0,0,Sunny,4.7,5,413032
2020-09-23,9,2,9,0,0,Cloudy,2.3,3,228942
2020-09-23,6,2,9,0,0,Sunny,4.7,3,154044
2020-09-24,12,3,9,0,0,Sunny,4.2,5,177084
2020-09-29,9,1,9,0,0,Cloudy,4.7,4,116946
2020-09-29,6,1,9,0,0,Rainy,3.7,2,151356
2020-09-30,8,2,9,0,0,Sunny,1.9,2,90168
2020-09-30,13,2,9,0,1,Sunny,4.6,2,153569
2020-10-03,19,5,10,0,0,Cloudy,1.7,2,548055
2020-10-03,8,5,10,0,0,Rainy,1.9,4,147800
2020-10-04,17,6,10,0,1,Rainy,2.1,3,244732
2020-10-05,16,0,10,0,0,Cloudy,2.2,3,308528
2020-10-05,16,0,10,0,0,Rainy,3.1,2,373088
2020-10-05,16,0,10,0,0,Cloudy,3.9,2,435200
2020-10-06,17,1,10,0,0,Cloudy,4.7,2,171394
2020-10-08,19,3,10,0,0,Cloudy,1.4,5,226480
2020-10-09,18,4,10,0,0,Sunny,4.8,5,320706
2020-10-09,8,4,10,0,0,Sunny,4.7,3,173464
2020-10-10,6,5,10,0,1,Sunny,1.2,3,128016
2020-10-11,17,6,10,0,0,Cloudy,2.4,2,435132
2020-10-12,16,0,10,0,1,Sunny,4.3,5,193488
2020-10-12,19,0,10,0,1,Sunny,3.4,4,435195
2020-10-13,10,1,10,0,0,Sunny,4.1,5,183670
2020-10-13,17,1,10,0,0,Cloudy,3.9,3,259845
2020-10-14,15,2,10,0,0,Cloudy,3.0,5,313440
2020-10-16,18,4,10,0,0,Cloudy,1.2,3,268866
2020-10-16,6,4,10,0,0,Sunny,3.3,2,160518
2020-10-16,16,4,10,0,1,Rainy,1.2,4,451232
2020-10-17,11,5,10,0,0,Sunny,3.4,2,313335
2020-10-17,7,5,10,0,0,Sunny,4.2,2,160839
2020-10-17,19,5,10,0,0,Cloudy,3.3,4,567606
2020-10-18,7,6,10,0,0,Cloudy,5.0,4,197141
2020-10-18,9,6,10,0,0,Sunny,2.8,4,159066
2020-10-19,7,0,10,1,0,Sunny,4.0,3,194236
2020-10-21,6,2,10,0,0,Rainy,3.7,2,82056
2020-10-21,14,2,10,0,0,Rainy,5.0,3,173964
2020-10-22,13,3,10,0,0,Cloudy,3.9,4,168506
2020-10-23,6,4,10,0,0,Rainy,1.7,3,65154
2020-10-25,18,6,10,0,0,Rainy,4.8,4,396864
2020-10-25,15,6,10,0,0,Cloudy,3.7,5,212070
2020-10-25,6,6,10,0,0,Rainy,1.2,4,74544
2020-10-27,17,1,10,1,0,Sunny,3.6,2,346953
2020-10-28,19,2,10,0,0,Rainy,4.5,2,266323
2020-10-28,12,2,10,0,1,Cloudy,3.3,2,245412
2020-10-29,19,3,10,0,0,Sunny,2.4,3,385282
2020-11-01,13,6,11,0,0,Rainy,4.3,2,272948
2020-11-04,11,2,11,0,1,Sunny,4.1,4,122474
2020-11-04,7,2,11,0,0,Sunny,3.2,5,105833
2020-11-04,13,2,11,0,0,Rainy,1.6,2,204022
2020-11-05,7,3,11,0,1,Rainy,2.0,3,99148
2020-11-05,9,3,11,0,0,Cloudy,4.0,5,258570
2020-11-06,13,4,11,0,0,Cloudy,4.2,2,195507
2020-11-06,16,4,11,0,1,Sunny,2.1,2,394096
2020-11-06,18,4,11,0,0,Cloudy,2.5,5,367956
2020-11-08,18,6,11,0,0,Sunny,1.3,2,328536
2020-11-08,7,6,11,0,0,Sunny,3.9,3,194047
2020-11-09,11,0,11,0,0,Cloudy,1.0,4,303248
2020-11-10,16,1,11,0,0,Cloudy,1.2,4,184816
2020-11-11,5,2,11,0,0,Cloudy,1.0,5,113125
2020-11-12,8,3,11,0,1,Rainy,3.6,4,93032
2020-11-12,8,3,11,0,1,Sunny,2.7,2,223280
2020-11-14,11,5,11,0,1,Sunny,2.2,2,124971
2020-11-15,12,6,11,0,0,Sunny,4.7,3,172440
2020-11-15,5,6,11,0,0,Cloudy,1.8,4,76415
2020-11-17,9,1,11,0,1,Cloudy,2.6,5,158490
2020-11-17,11,1,11,0,1,Cloudy,4.8,2,226138
2020-11-18,16,2,11,0,0,Cloudy,2.7,5,398784
2020-11-22,8,6,11,0,0,Cloudy,3.2,2,198712
2020-11-22,17,6,11,0,0,Rainy,1.3,2,373133
2020-11-25,8,2,11,1,0,Cloudy,4.2,3,165008
2020-11-26,8,3,11,0,0,Sunny,2.7,4,95944
2020-11-26,16,3,11,0,0,Cloudy,4.2,3,173904
2020-11-28,10,5,11,0,0,Sunny,2.0,4,110140
2020-11-28,11,5,11,0,0,Cloudy,2.7,5,221133
2020-11-28,6,5,11,0,0,Cloudy,4.1,4,161916
2020-11-28,19,5,11,0,0,Sunny,4.9,5,418247
2020-11-28,9,5,11,0,0,Sunny,1.2,2,96210
2020-11-28,8,5,11,0,0,Sunny,4.2,5,214984
2020-11-29,19,6,11,0,0,Sunny,2.2,5,394212
2020-11-30,18,0,11,0,0,Rainy,3.2,2,324432
2020-12-01,17,1,12,0,0,Sunny,2.2,5,453526
2020-12-01,7,1,12,0,0,Cloudy,3.5,5,108416
2020-12-02,11,2,12,0,0,Cloudy,2.4,2,231385
2020-12-03,15,3,12,0,1,Rainy,2.3,2,439440
2020-12-05,16,5,12,1,0,Sunny,1.2,2,452112
2020-12-05,10,5,12,0,0,Cloudy,1.6,4,228550
2020-12-06,18,6,12,0,0,Rainy,4.7,2,533556
2020-12-06,11,6,12,0,1,Cloudy,5.0,2,140987
2020-12-07,9,0,12,0,0,Rainy,4.1,5,130122
2020-12-08,17,1,12,0,0,Rainy,2.1,3,260219
2020-12-08,10,1,12,1,0,Sunny,2.6,3,189330
2020-12-10,9,3,12,0,0,Rainy,4.0,4,255825
2020-12-10,18,3,12,0,1,Cloudy,4.9,4,487134
2020-12-12,11,5,12,0,0,Cloudy,2.8,3,227249
2020-12-12,6,5,12,0,0,Sunny,4.3,3,94428
2020-12-12,18,5,12,0,0,Sunny,4.9,2,282024
2020-12-12,15,5,12,0,0,Rainy,4.5,5,366405
2020-12-13,9,6,12,0,0,Sunny,1.9,2,159273
2020-12-13,10,6,12,0,0,Cloudy,1.0,4,264460
2020-12-13,10,6,12,0,0,Cloudy,3.0,3,178290
2020-12-15,19,1,12,0,0,Sunny,3.1,4,394269
2020-12-17,9,3,12,0,0,Sunny,1.8,2,211050
2020-12-17,14,3,12,0,0,Sunny,2.1,4,242928
2020-12-17,11,3,12,0,0,Rainy,4.1,4,258676
2020-12-18,14,4,12,0,0,Rainy,2.9,5,256564
2020-12-21,12,0,12,0,0,Cloudy,2.3,4,163728
2020-12-22,11,1,12,0,0,Rainy,3.5,2,198033
2020-12-22,9,1,12,0,0,Rainy,3.6,5,119502
2020-12-24,5,3,12,0,0,Rainy,4.1,4,86480
2020-12-28,17,0,12,0,0,Rainy,1.6,2,222258
2020-12-28,9,0,12,0,0,Cloudy,4.0,3,209349
2020-12-29,14,1,12,0,0,Sunny,3.4,5,296422
2020-12-31,6,3,12,0,0,Cloudy,1.2,4,109872
2020-12-31,17,3,12,0,0,Rainy,4.1,4,197829
2021-01-01,9,4,1,0,1,Sunny,2.5,5,212868
2021-01-02,9,5,1,0,0,Sunny,2.3,2,135927
2021-01-03,6,6,1,0,1,Sunny,2.8,4,162168
2021-01-04,9,0,1,1,0,Cloudy,2.4,2,108288
2021-01-06,17,2,1,0,0,Sunny,2.4,5,216937
2021-01-06,8,2,1,0,0,Cloudy,4.2,4,201560
2021-01-06,5,2,1,0,1,Cloudy,1.5,3,142260
2021-01-09,7,5,1,0,0,Rainy,4.9,3,186375
2021-01-09,5,5,1,0,0,Rainy,3.2,3,63340
2021-01-09,16,5,1,0,0,Sunny,1.7,5,394208
2021-01-12,15,1,1,0,0,Sunny,1.5,4,389310
2021-01-13,19,2,1,0,0,Rainy,3.4,5,516534
2021-01-13,9,2,1,0,0,Cloudy,3.5,4,201204
2021-01-14,8,3,1,0,0,Cloudy,1.2,3,81560
2021-01-14,11,3,1,0,0,Rainy,2.0,3,134057
2021-01-14,9,3,1,0,0,Cloudy,4.2,2,195363
2021-01-16,14,5,1,0,0,Rainy,1.2,5,172620
2021-01-17,18,6,1,0,0,Rainy,4.4,5,244908
2021-01-17,8,6,1,0,1,Sunny,3.6,2,80480
2021-01-20,6,2,1,0,1,Sunny,2.7,3,146322
2021-01-23,8,5,1,0,1,Rainy,2.4,3,111416
2021-01-24,16,6,1,0,0,Sunny,1.1,5,260736
2021-01-25,6,0,1,0,1,Rainy,4.3,4,141732
2021-01-26,12,1,1,0,0,Cloudy,1.6,3,289500
2021-01-27,7,2,1,0,0,Cloudy,2.2,2,88137
2021-01-27,13,2,1,0,0,Cloudy,3.3,2,287651
2021-01-27,17,2,1,0,0,Cloudy,2.0,2,437716
2021-01-27,8,2,1,0,1,Rainy,3.0,5,128968
2021-01-27,17,2,1,0,0,Cloudy,4.2,5,190400
2021-01-27,10,2,1,0,0,Cloudy,2.9,5,257210
2021-01-28,14,3,1,0,0,Cloudy,4.8,5,409332
2021-01-28,9,3,1,0,0,Cloudy,4.4,2,189783
2021-01-31,14,6,1,0,0,Rainy,2.3,2,237608
2021-01-31,17,6,1,0,0,Cloudy,2.6,5,172312
2021-02-01,5,0,2,0,0,Sunny,2.7,5,137065
2021-02-03,13,2,2,0,0,Sunny,3.5,2,329498
2021-02-03,5,2,2,0,0,Sunny,2.1,5,144890
2021-02-03,12,2,2,0,0,Sunny,4.9,5,127932
2021-02-03,13,2,2,0,0,Sunny,3.4,5,162136
2021-02-04,13,3,2,0,1,Sunny,2.6,5,131118
2021-02-04,5,3,2,0,0,Rainy,3.6,3,103520
2021-02-05,6,4,2,0,0,Sunny,2.6,5,97314
2021-02-06,16,5,2,0,0,Cloudy,4.3,2,421152
2021-02-09,17,1,2,0,0,Sunny,3.3,2,420733
2021-02-10,5,2,2,0,0,Rainy,1.2,2,84840
2021-02-10,14,2,2,0,0,Sunny,1.7,2,408198
2021-02-10,6,2,2,0,0,Cloudy,4.5,5,141576
2021-02-10,14,2,2,0,0,Cloudy,3.3,3,163800
2021-02-12,16,4,2,0,0,Rainy,4.8,4,203200
2021-02-13,12,5,2,0,0,Rainy,1.3,4,261852
2021-02-14,9,6,2,0,0,Rainy,2.2,4,252279
2021-02-15,16,0,2,0,0,Rainy,1.8,4,248320
2021-02-15,15,0,2,0,1,Sunny,3.2,2,322650
2021-02-15,11,0,2,0,0,Sunny,2.5,5,150557
2021-02-16,6,1,2,0,0,Cloudy,1.6,5,161880
2021-02-16,12,1,2,0,0,Rainy,3.6,4,226044
2021-02-17,15,2,2,0,1,Rainy,3.1,4,374325
2021-02-17,10,2,2,0,0,Sunny,2.1,3,212810
2021-02-17,12,2,2,0,0,Rainy,2.9,3,287004
2021-02-18,5,3,2,0,0,Cloudy,4.0,3,73785
2021-02-19,19,4,2,0,1,Cloudy,1.8,2,437855
2021-02-21,5,6,2,0,1,Rainy,2.2,5,94560
2021-02-22,16,0,2,0,0,Cloudy,2.4,2,235728
2021-02-23,11,1,2,0,0,Cloudy,4.0,2,187891
2021-02-24,12,2,2,0,0,Sunny,4.4,5,224280
2021-02-26,17,4,2,0,0,Cloudy,2.5,3,198441
2021-02-27,7,5,2,0,0,Rainy,2.2,5,170226
2021-02-28,9,6,2,0,0,Rainy,4.6,4,190539
2021-02-28,16,6,2,0,0,Cloudy,5.0,3,376720
2021-03-01,5,0,3,0,0,Rainy,3.7,5,109015
2021-03-02,11,1,3,0,0,Sunny,5.0,2,135234
2021-03-02,9,1,3,1,0,Cloudy,3.6,5,122670
2021-03-03,12,2,3,0,0,Cloudy,3.9,3,301116
2021-03-04,17,3,3,0,1,Cloudy,2.6,4,451010
2021-03-06,12,5,3,0,0,Rainy,2.7,2,293436
2021-03-06,13,5,3,0,0,Rainy,1.6,4,288262
2021-03-06,11,5,3,0,0,Cloudy,4.3,4,147983
2021-03-08,15,0,3,0,0,Rainy,4.7,2,217605
2021-03-09,5,1,3,0,0,Rainy,3.5,5,103010
2021-03-10,17,2,3,1,0,Cloudy,2.4,5,265676
2021-03-10,7,2,3,0,0,Cloudy,1.6,4,128296
2021-03-11,12,3,3,0,0,Rainy,2.1,5,306408
2021-03-12,7,4,3,0,0,Cloudy,2.0,3,208208
2021-03-12,12,4,3,0,1,Cloudy,3.5,4,352668
2021-03-13,5,5,3,0,0,Cloudy,4.8,4,67760
2021-03-13,9,5,3,0,1,Cloudy,1.2,4,237618
2021-03-14,8,6,3,0,1,Rainy,1.0,3,97936
2021-03-14,9,6,3,0,0,Cloudy,3.4,4,221985
2021-03-14,12,6,3,0,0,Sunny,2.1,5,181164
2021-03-15,14,0,3,0,0,Cloudy,4.5,5,260960
2021-03-15,19,0,3,0,0,Sunny,2.3,5,227012
2021-03-17,18,2,3,0,0,Cloudy,2.2,5,281124
2021-03-17,8,2,3,1,1,Sunny,2.1,4,113888
2021-03-18,15,3,3,0,0,Sunny,1.6,3,178800
2021-03-20,8,5,3,0,0,Cloudy,3.3,2,169352
2021-03-21,19,6,3,0,0,Cloudy,1.7,5,269572
2021-03-22,7,0,3,0,0,Cloudy,2.7,2,155449
2021-03-22,11,0,3,0,0,Sunny,2.8,2,112618
2021-03-26,7,4,3,0,0,Rainy,1.1,4,71428
2021-03-26,16,4,3,0,0,Rainy,1.1,5,332784
2021-03-26,7,4,3,0,0,Cloudy,3.1,5,108864
2021-03-27,15,5,3,0,0,Rainy,3.8,5,223905
2021-03-28,14,6,3,0,0,Rainy,4.8,2,296296
2021-03-28,9,6,3,0,0,Cloudy,1.7,5,129510
2021-03-29,9,0,3,0,0,Sunny,1.4,5,261639
2021-03-29,18,0,3,0,0,Cloudy,1.2,3,461538
2021-03-30,10,1,3,0,0,Rainy,2.7,4,161600
2021-03-30,12,1,3,0,0,Sunny,3.5,5,309720
2021-03-30,14,1,3,0,0,Rainy,4.4,5,211764
2021-03-30,10,1,3,0,0,Sunny,3.7,4,108160
2021-04-01,19,3,4,0,0,Rainy,1.8,4,444866
2021-04-01,16,3,4,0,0,Cloudy,2.8,2,163072
2021-04-03,5,5,4,0,0,Rainy,4.6,2,140800
2021-04-03,19,5,4,0,0,Rainy,2.3,2,259255
2021-04-06,12,1,4,0,1,Sunny,3.0,4,273792
2021-04-06,12,1,4,0,0,Rainy,4.8,3,195768
2021-04-06,13,1,4,1,0,Cloudy,3.9,5,366236
2021-04-08,13,3,4,0,0,Cloudy,4.0,4,225862
2021-04-09,6,4,4,0,0,Cloudy,2.0,3,82200
2021-04-09,19,4,4,0,1,Sunny,2.7,4,392445
2021-04-10,6,5,4,0,0,Sunny,1.3,3,150774
2021-04-12,7,0,4,0,1,Rainy,3.4,4,135513
2021-04-13,5,1,4,0,0,Rainy,1.4,4,69465
2021-04-14,8,2,4,0,0,Rainy,4.3,3,134488
2021-04-16,18,4,4,0,0,Sunny,4.3,3,347184
2021-04-16,8,4,4,0,0,Sunny,3.1,3,232504
2021-04-17,18,5,4,0,0,Rainy,1.6,3,189072
2021-04-17,13,5,4,0,0,Sunny,1.1,3,257569
2021-04-18,13,6,4,0,0,Sunny,4.2,3,320723
2021-04-18,13,6,4,0,0,Cloudy,3.4,3,269594
2021-04-20,14,1,4,0,1,Cloudy,3.8,3,296604
2021-04-20,11,1,4,0,0,Rainy,2.2,4,184503
2021-04-20,18,1,4,0,0,Rainy,3.0,3,248688
2021-04-21,19,2,4,0,0,Cloudy,4.0,3,203623
2021-04-22,6,3,4,0,0,Sunny,2.9,4,130056
2021-04-24,14,5,4,0,0,Rainy,3.4,4,202076
2021-04-27,9,1,4,0,0,Rainy,4.2,2,243378
2021-04-28,8,2,4,0,0,Rainy,1.9,2,120456
2021-04-28,16,2,4,0,0,Sunny,1.3,3,239904
2021-04-29,15,3,4,0,0,Cloudy,3.1,3,213510
2021-04-30,12,4,4,0,0,Rainy,1.2,2,165168
2021-04-30,6,4,4,0,0,Cloudy,4.1,2,127086
2021-04-30,10,4,4,0,0,Cloudy,3.9,5,146370
2021-05-02,17,6,5,0,0,Sunny,4.5,5,205768
2021-05-03,9,0,5,1,0,Sunny,3.6,3,175023
2021-05-03,19,0,5,1,1,Sunny,1.3,5,392806
2021-05-03,16,0,5,0,0,Sunny,2.0,2,463856
2021-05-03,6,0,5,0,0,Sunny,4.2,3,110310
2021-05-04,15,1,5,0,0,Sunny,1.7,4,329985
2021-05-04,14,1,5,0,0,Rainy,3.8,4,192066
2021-05-08,19,5,5,0,0,Cloudy,4.1,2,239039
2021-05-09,5,6,5,1,0,Sunny,2.3,5,144745
2021-05-09,12,6,5,0,0,Rainy,2.3,4,153156
2021-05-09,6,6,5,1,1,Cloudy,3.2,5,95946
2021-05-12,11,2,5,0,0,Sunny,4.4,4,225841
2021-05-15,13,5,5,0,0,Sunny,1.9,5,387270
2021-05-17,13,0,5,0,0,Rainy,4.8,4,273832
2021-05-18,12,1,5,0,0,Cloudy,3.4,4,255744
2021-05-18,15,1,5,0,0,Sunny,5.0,3,221700
2021-05-20,18,3,5,0,1,Cloudy,1.4,3,255186
2021-05-21,16,4,5,0,0,Rainy,1.5,2,402704
2021-05-23,14,6,5,0,0,Sunny,4.3,4,230664
2021-05-23,13,6,5,0,0,Cloudy,4.5,5,376844
2021-05-24,6,0,5,0,0,Rainy,2.8,4,74292
2021-05-25,10,1,5,0,1,Rainy,3.9,5,269150
2021-05-25,8,1,5,0,0,Sunny,4.5,5,180064
2021-05-26,18,2,5,1,0,Cloudy,1.2,4,191412
2021-05-28,8,4,5,0,0,Sunny,3.3,5,175968
2021-05-28,9,4,5,0,0,Sunny,4.4,2,217458
2021-05-28,16,4,5,0,0,Cloudy,2.6,3,422176
2021-05-30,7,6,5,0,0,Cloudy,2.2,5,168035
2021-05-31,18,0,5,0,0,Cloudy,4.2,4,331146
2021-05-31,5,0,5,0,0,Rainy,2.3,3,111635
2021-05-31,12,0,5,0,1,Rainy,1.0,2,292728
2021-05-31,9,0,5,0,0,Cloudy,4.8,5,116010
2021-06-02,7,2,6,0,0,Rainy,3.4,5,146006
2021-06-02,14,2,6,1,0,Sunny,4.3,3,252364
2021-06-02,18,2,6,1,0,Cloudy,4.3,5,239508
2021-06-02,11,2,6,0,1,Sunny,1.3,4,119867
2021-06-03,11,3,6,0,0,Cloudy,1.7,3,212047
2021-06-04,5,4,6,0,0,Sunny,2.2,3,97355
2021-06-04,16,4,6,0,0,Cloudy,2.3,5,398336
2021-06-04,13,4,6,0,0,Sunny,3.6,2,328120
2021-06-06,19,6,6,0,0,Cloudy,3.5,2,468977
2021-06-06,6,6,6,1,0,Cloudy,3.0,2,64020
2021-06-06,9,6,6,1,1,Rainy,1.8,2,251001
2021-06-06,17,6,6,0,0,Sunny,2.5,3,370039
2021-06-06,18,6,6,0,1,Rainy,3.2,3,414108
2021-06-07,9,0,6,0,0,Sunny,2.9,5,231912
2021-06-08,18,1,6,0,0,Rainy,1.5,2,479394
2021-06-08,12,1,6,0,0,Cloudy,3.6,2,142704
2021-06-08,18,1,6,0,0,Rainy,1.3,5,241902
2021-06-10,12,3,6,0,0,Rainy,2.5,5,154248
2021-06-10,18,3,6,0,1,Cloudy,3.8,5,388386
2021-06-10,11,3,6,0,1,Rainy,1.1,4,239393
2021-06-10,11,3,6,0,1,Cloudy,3.3,5,237798
2021-06-11,16,4,6,0,0,Sunny,2.3,5,291760
2021-06-12,15,5,6,0,1,Rainy,1.0,4,449940
2021-06-14,10,0,6,0,0,Cloudy,1.8,2,126180
2021-06-16,10,2,6,0,0,Cloudy,4.8,3,131630
2021-06-16,15,2,6,0,0,Rainy,3.1,2,194130
2021-06-16,13,2,6,0,0,Sunny,5.0,3,155025
2021-06-18,10,4,6,1,0,Rainy,3.1,3,129720
2021-06-19,16,5,6,0,0,Cloudy,3.2,5,347280
2021-06-20,17,6,6,0,1,Sunny,2.6,5,350880
2021-06-20,17,6,6,0,0,Rainy,2.2,4,356422
2021-06-21,6,0,6,0,0,Cloudy,2.0,2,164244
2021-06-21,6,0,6,0,1,Rainy,2.4,2,126828
2021-06-28,17,0,6,1,0,Sunny,2.8,3,479332
2021-06-29,9,1,6,0,1,Sunny,1.8,5,233415
2021-06-29,19,1,6,0,0,Sunny,1.9,5,439755
2021-06-30,8,2,6,0,0,Sunny,2.1,2,83912
2021-06-30,15,2,6,0,0,Sunny,2.8,4,326220
2021-06-30,6,2,6,0,0,Rainy,3.6,5,175650
2021-06-30,19,2,6,0,0,Sunny,4.4,4,256804
2021-07-01,19,3,7,0,0,Sunny,2.1,2,564756
2021-07-01,7,3,7,0,0,Cloudy,1.7,2,114870
2021-07-01,11,3,7,0,1,Sunny,2.5,4,110583
2021-07-03,12,5,7,0,0,Cloudy,4.6,5,347508
2021-07-03,16,5,7,1,0,Cloudy,1.0,2,431984
2021-07-04,17,6,7,0,0,Cloudy,3.7,3,271048
2021-07-06,10,1,7,0,0,Rainy,2.9,2,174040
2021-07-06,15,1,7,0,0,Rainy,1.6,5,164310
2021-07-08,9,3,7,0,1,Cloudy,2.3,3,185625
2021-07-11,17,6,7,0,0,Rainy,1.9,2,197693
2021-07-11,5,6,7,0,0,Sunny,4.5,5,104865
2021-07-14,12,2,7,0,0,Rainy,2.9,5,202308
2021-07-15,7,3,7,0,0,Sunny,3.3,2,131887
2021-07-15,19,3,7,0,0,Sunny,3.4,5,390241
2021-07-15,10,3,7,0,0,Rainy,3.6,4,226820
2021-07-18,7,6,7,0,0,Rainy,3.0,3,92946
2021-07-18,11,6,7,0,0,Cloudy,1.1,4,318395
2021-07-19,17,0,7,1,0,Rainy,2.3,2,281163
2021-07-20,18,1,7,0,0,Rainy,1.7,4,481572
2021-07-20,11,1,7,0,0,Rainy,3.7,2,119427
2021-07-20,16,1,7,0,0,Sunny,1.2,2,238176
2021-07-21,19,2,7,0,1,Sunny,3.3,5,435955
2021-07-21,13,2,7,0,0,Sunny,1.8,5,227305
2021-07-21,9,2,7,1,0,Cloudy,4.8,2,213120
2021-07-24,19,5,7,0,0,Cloudy,2.3,3,508573
2021-07-24,12,5,7,0,1,Cloudy,2.3,3,292764
2021-07-24,14,5,7,0,1,Sunny,4.7,3,290416
2021-07-25,14,6,7,0,1,Rainy,2.7,4,200676
2021-07-27,12,1,7,0,0,Cloudy,4.9,2,349308
2021-07-28,5,2,7,0,0,Cloudy,1.1,5,111130
2021-07-29,16,3,7,0,0,Sunny,2.2,4,375040
2021-07-29,9,3,7,0,0,Cloudy,3.7,4,225180
2021-07-30,7,4,7,0,0,Rainy,4.6,5,99757
2021-07-30,5,4,7,0,0,Sunny,2.0,2,110900
2021-07-30,8,4,7,0,0,Sunny,4.7,4,209120
2021-08-01,12,6,8,0,0,Rainy,3.4,2,131064
2021-08-01,7,6,8,0,0,Rainy,4.2,2,205093
2021-08-03,14,1,8,0,0,Rainy,2.6,2,251398
2021-08-04,6,2,8,0,1,Cloudy,1.8,5,176580
2021-08-04,15,2,8,0,0,Rainy,4.6,2,386940
2021-08-04,13,2,8,0,0,Sunny,4.7,4,145990
2021-08-05,14,3,8,0,0,Rainy,3.0,5,288778
2021-08-05,9,3,8,1,0,Sunny,1.0,5,180054
2021-08-05,18,3,8,0,0,Sunny,1.4,4,268794
2021-08-05,11,3,8,0,0,Cloudy,3.3,5,267245
2021-08-07,15,5,8,0,0,Rainy,1.1,4,395655
2021-08-08,15,6,8,0,0,Cloudy,2.6,3,153045
2021-08-08,6,6,8,0,1,Rainy,2.2,4,159264
2021-08-11,13,2,8,0,0,Rainy,3.9,5,336687
2021-08-12,17,3,8,0,0,Rainy,1.2,4,233716
2021-08-12,13,3,8,0,0,Rainy,3.0,3,217334
2021-08-12,8,3,8,0,1,Rainy,3.3,2,231720
2021-08-13,8,4,8,0,0,Sunny,3.5,2,88744
2021-08-14,10,5,8,0,0,Sunny,2.6,2,252280
2021-08-16,14,0,8,0,1,Rainy,2.2,5,364476
2021-08-17,14,1,8,0,1,Sunny,3.7,3,219940
2021-08-18,14,2,8,0,1,Cloudy,4.4,4,276248
2021-08-18,10,2,8,0,0,Cloudy,3.8,4,292590
2021-08-19,16,3,8,1,0,Cloudy,4.7,4,211056
2021-08-20,5,4,8,0,1,Rainy,3.9,4,141105
2021-08-21,18,5,8,0,0,Rainy,4.1,5,192402
2021-08-21,18,5,8,0,0,Sunny,1.7,5,217854
2021-08-22,13,6,8,0,0,Sunny,2.7,3,134745
2021-08-22,6,6,8,0,0,Sunny,2.9,4,144060
2021-08-24,9,1,8,0,1,Cloudy,2.0,2,195903
2021-08-25,13,2,8,0,0,Cloudy,3.1,5,339339
2021-08-25,8,2,8,1,0,Cloudy,2.2,3,181936
2021-08-26,15,3,8,0,1,Cloudy,3.8,3,335865
2021-08-26,7,3,8,0,0,Sunny,2.9,5,99204
2021-08-28,19,5,8,0,0,Rainy,2.8,2,486837
2021-08-28,11,5,8,0,0,Rainy,4.9,2,136158
2021-08-30,10,0,8,0,0,Cloudy,2.6,4,275890
2021-09-01,12,2,9,0,0,Rainy,2.4,5,264372
2021-09-03,7,4,9,0,0,Rainy,2.3,2,109683
2021-09-03,9,4,9,1,0,Rainy,4.6,5,114615
2021-09-04,14,5,9,0,0,Cloudy,3.0,3,278138
2021-09-04,8,5,9,0,0,Sunny,3.4,3,147920
2021-09-05,19,6,9,1,0,Sunny,1.7,3,208164
2021-09-05,17,6,9,0,0,Rainy,3.2,5,328202
2021-09-07,8,1,9,0,0,Sunny,2.1,4,132984
2021-09-08,8,2,9,1,0,Sunny,3.9,4,199264
2021-09-08,14,2,9,0,0,Cloudy,4.3,2,390012
2021-09-08,12,2,9,1,0,Cloudy,3.9,5,173520
2021-09-09,10,3,9,0,0,Rainy,3.9,4,239860
2021-09-10,7,4,9,0,1,Rainy,3.0,5,158466
2021-09-11,14,5,9,0,0,Rainy,3.8,4,408968
2021-09-12,9,6,9,0,0,Cloudy,2.7,3,115650
2021-09-15,10,2,9,0,0,Sunny,3.6,3,232990
2021-09-15,9,2,9,0,1,Cloudy,2.0,2,186282
2021-09-15,10,2,9,1,0,Cloudy,1.3,3,293480
2021-09-16,12,3,9,0,0,Sunny,2.7,4,175128
2021-09-17,11,4,9,0,0,Sunny,2.8,2,267102
2021-09-20,9,0,9,0,0,Rainy,2.0,2,236565
2021-09-20,14,0,9,0,0,Sunny,3.9,3,340676
2021-09-25,10,5,9,0,0,Sunny,1.3,5,166440
2021-09-25,18,5,9,0,0,Sunny,1.9,3,231300
2021-09-27,8,0,9,0,0,Sunny,4.0,3,199464
2021-09-27,16,0,9,0,0,Rainy,2.7,2,162640
2021-09-27,13,0,9,0,0,Rainy,3.8,3,269113
2021-09-29,17,2,9,0,0,Sunny,3.3,4,185623
2021-09-29,8,2,9,0,0,Sunny,4.8,2,146440
2021-09-29,5,2,9,0,0,Rainy,3.4,3,149440
2021-10-01,11,4,10,0,0,Rainy,1.1,5,301125
2021-10-01,11,4,10,0,1,Sunny,2.4,4,282865
2021-10-01,8,4,10,0,0,Cloudy,1.6,5,110712
2021-10-01,17,4,10,0,1,Rainy,4.7,4,469914
2021-10-03,18,6,10,0,0,Rainy,1.4,5,389124
2021-10-03,7,6,10,0,1,Rainy,2.6,3,164633
2021-10-03,12,6,10,0,0,Sunny,1.9,4,249312
2021-10-04,9,0,10,1,0,Sunny,4.4,2,90603
2021-10-04,14,0,10,0,0,Rainy,2.2,2,277032
2021-10-04,11,0,10,0,0,Sunny,5.0,5,172260
2021-10-04,8,0,10,0,0,Sunny,1.2,5,115824
2021-10-04,8,0,10,1,0,Rainy,1.5,5,145680
2021-10-05,12,1,10,0,0,Sunny,1.9,4,251064
2021-10-05,18,1,10,0,0,Cloudy,4.2,2,243378
2021-10-09,12,5,10,0,0,Sunny,4.5,3,126864
2021-10-11,6,0,10,0,0,Sunny,1.3,4,102492
2021-10-12,18,1,10,0,0,Rainy,1.1,5,277110
2021-10-14,6,3,10,0,0,Rainy,4.0,2,152442
2021-10-14,7,3,10,0,0,Cloudy,1.5,5,200494
2021-10-14,19,3,10,1,0,Sunny,1.5,3,400786
2021-10-15,16,4,10,0,1,Cloudy,1.1,3,170400
2021-10-16,16,5,10,0,0,Cloudy,1.2,2,251856
2021-10-16,7,5,10,0,0,Rainy,2.1,4,162967
2021-10-18,5,0,10,0,0,Sunny,1.3,3,84190
2021-10-19,19,1,10,0,0,Rainy,2.5,3,550449
2021-10-20,18,2,10,0,0,Cloudy,4.3,3,238716
2021-10-20,7,2,10,0,0,Cloudy,2.3,3,194054
2021-10-21,10,3,10,0,0,Rainy,3.9,5,149960
2021-10-22,12,4,10,0,0,Rainy,1.4,5,261912
2021-10-22,17,4,10,0,0,Rainy,3.6,4,218059
2021-10-24,16,6,10,0,0,Rainy,2.3,2,387376
2021-10-24,18,6,10,0,0,Rainy,4.0,2,274176
2021-10-24,14,6,10,0,0,Cloudy,1.5,2,171038
2021-10-26,10,1,10,0,1,Rainy,4.6,3,299230
2021-10-26,9,1,10,0,0,Sunny,2.0,5,218088
2021-10-28,19,3,10,0,0,Cloudy,2.4,5,456494
2021-10-28,8,3,10,0,0,Cloudy,4.8,4,234760
2021-10-28,7,3,10,0,0,Sunny,3.3,2,207270
2021-10-29,17,4,10,0,0,Sunny,2.5,5,405926
2021-10-29,8,4,10,0,0,Cloudy,4.8,4,134696
2021-10-30,18,5,10,0,0,Rainy,2.3,2,306558
2021-10-31,11,6,10,0,0,Cloudy,1.4,3,272866
2021-11-01,5,0,11,0,0,Cloudy,5.0,5,68580
2021-11-01,11,0,11,0,0,Sunny,2.1,5,147554
2021-11-02,5,1,11,0,0,Cloudy,4.4,2,139160
2021-11-02,6,1,11,0,0,Rainy,1.7,3,63420
2021-11-03,19,2,11,0,0,Sunny,3.9,3,556472
2021-11-04,8,3,11,0,0,Cloudy,3.1,5,186304
2021-11-04,5,3,11,0,0,Cloudy,4.9,2,144445
2021-11-05,15,4,11,0,0,Rainy,3.2,4,163755
2021-11-08,16,0,11,0,0,Cloudy,1.1,5,321056
2021-11-09,15,1,11,0,0,Cloudy,3.4,3,254730
2021-11-10,19,2,11,0,0,Cloudy,1.6,4,310384
2021-11-10,15,2,11,0,1,Cloudy,4.2,2,420930
2021-11-10,13,2,11,0,0,Rainy,4.4,3,350987
2021-11-10,16,2,11,0,0,Cloudy,2.9,4,319056
2021-11-11,10,3,11,0,0,Cloudy,4.1,5,223800
2021-11-12,17,4,11,0,0,Cloudy,1.6,3,508113
2021-11-14,5,6,11,0,0,Sunny,3.0,2,108335
2021-11-15,5,0,11,0,0,Rainy,2.6,3,72645
2021-11-16,10,1,11,1,0,Sunny,3.4,5,275190
2021-11-16,8,1,11,0,0,Sunny,1.2,2,177536
2021-11-17,8,2,11,0,0,Rainy,4.0,5,148528
2021-11-17,19,2,11,0,0,Sunny,1.3,4,327294
2021-11-17,15,2,11,0,0,Sunny,3.6,3,227430
2021-11-18,19,3,11,0,0,Sunny,1.1,5,505210
2021-11-18,10,3,11,0,0,Rainy,4.3,4,113190
2021-11-21,19,6,11,0,0,Cloudy,1.7,2,211679
2021-11-25,18,3,11,0,0,Rainy,3.1,2,263286
2021-11-25,16,3,11,0,0,Rainy,2.0,4,392016
2021-11-26,15,4,11,0,0,Rainy,3.9,4,190350
2021-11-27,11,5,11,0,0,Sunny,2.3,2,190553
2021-11-27,13,5,11,0,0,Cloudy,3.9,5,172315
2021-11-29,14,0,11,0,0,Rainy,2.1,4,212982
2021-11-29,9,0,11,0,0,Rainy,4.0,5,126972
2021-12-01,13,2,12,0,0,Cloudy,1.1,2,382252
2021-12-01,8,2,12,0,0,Cloudy,2.1,5,225928
2021-12-02,17,3,12,0,0,Cloudy,3.0,5,495941
2021-12-03,14,4,12,0,0,Sunny,1.2,4,277228
2021-12-04,6,5,12,0,0,Cloudy,1.7,5,128478
2021-12-04,7,5,12,0,0,Sunny,4.7,5,174965
2021-12-05,17,6,12,0,0,Rainy,4.9,5,383911
2021-12-05,15,6,12,0,1,Sunny,4.0,2,225315
2021-12-05,5,6,12,0,0,Cloudy,2.0,2,143855
2021-12-08,18,2,12,0,0,Sunny,2.0,3,298476
2021-12-09,18,3,12,1,0,Cloudy,3.6,2,422190
2021-12-09,10,3,12,0,0,Sunny,1.5,2,231170
2021-12-09,17,3,12,0,0,Rainy,4.8,3,492150
2021-12-10,10,4,12,0,0,Sunny,1.9,3,273590
2021-12-10,5,4,12,0,0,Rainy,5.0,4,56310
2021-12-11,15,5,12,0,0,Cloudy,3.0,4,260730
2021-12-12,17,6,12,0,0,Rainy,4.1,2,226559
2021-12-13,7,0,12,0,0,Cloudy,1.0,5,200501
2021-12-14,9,1,12,0,0,Cloudy,4.6,4,180180
2021-12-14,7,1,12,0,0,Rainy,2.1,4,193487
2021-12-16,14,3,12,0,1,Rainy,3.7,2,375872
2021-12-16,7,3,12,0,0,Sunny,4.2,5,168434
2021-12-16,18,3,12,0,0,Sunny,1.7,3,534204
2021-12-18,14,5,12,0,0,Rainy,2.8,3,234836
2021-12-20,7,0,12,0,0,Rainy,3.0,2,176120
2021-12-21,9,1,12,0,0,Rainy,2.2,2,101070
2021-12-22,17,2,12,1,0,Rainy,2.9,5,324292
2021-12-23,9,3,12,0,0,Cloudy,2.3,2,124245
2021-12-25,8,5,12,0,1,Rainy,2.4,2,197720
2021-12-29,5,2,12,0,0,Rainy,3.7,2,78750
2021-12-29,9,2,12,0,0,Rainy,3.5,5,230643
2021-12-29,14,2,12,0,1,Rainy,1.9,2,325248
2021-12-30,9,3,12,0,0,Cloudy,4.6,4,118215
2021-12-30,8,3,12,1,0,Sunny,4.5,5,135624
2021-12-31,10,4,12,0,0,Sunny,3.0,4,115460
2021-12-31,14,4,12,0,1,Sunny,2.7,5,356398
2022-01-02,8,6,1,0,0,Sunny,2.5,4,219824
2022-01-03,18,0,1,0,0,Sunny,3.8,5,223398
2022-01-03,11,0,1,0,0,Cloudy,3.7,3,319011
2022-01-04,11,1,1,0,0,Sunny,1.8,2,265243
2022-01-04,6,1,1,0,0,Cloudy,3.7,2,84870
2022-01-04,7,1,1,0,0,Cloudy,2.0,5,89425
2022-01-06,5,3,1,0,1,Sunny,1.1,4,115965
2022-01-06,12,3,1,0,0,Sunny,3.8,3,274212
2022-01-09,13,6,1,0,0,Sunny,3.6,4,299910
2022-01-09,8,6,1,0,0,Rainy,2.6,2,236312
2022-01-10,10,0,1,0,0,Cloudy,3.1,2,139700
2022-01-11,13,1,1,0,0,Sunny,4.8,4,313547
2022-01-13,10,3,1,0,1,Rainy,3.4,5,143310
2022-01-13,18,3,1,0,1,Cloudy,3.6,5,365310
2022-01-13,16,3,1,0,0,Rainy,1.3,4,191072
2022-01-14,16,4,1,0,1,Rainy,1.7,2,425200
2022-01-18,16,1,1,0,0,Sunny,2.2,4,374464
2022-01-19,13,2,1,0,0,Cloudy,3.2,2,141193
2022-01-21,19,4,1,0,0,Rainy,4.1,4,366225
2022-01-21,8,4,1,0,1,Cloudy,2.3,5,216264
2022-01-22,12,5,1,0,0,Sunny,2.4,3,169608
2022-01-22,13,5,1,0,1,Cloudy,2.0,2,283439
2022-01-23,8,6,1,0,0,Rainy,2.0,3,203264
2022-01-24,9,0,1,0,0,Rainy,4.8,5,246780
2022-01-24,18,0,1,0,0,Cloudy,3.5,4,474318
2022-01-25,12,1,1,0,0,Rainy,1.6,5,169572
2022-01-25,16,1,1,0,0,Rainy,3.9,3,456512
2022-01-25,14,1,1,0,0,Rainy,3.9,5,308798
2022-01-29,18,5,1,0,0,Sunny,3.7,5,384282
2022-01-30,10,6,1,1,0,Sunny,1.5,4,214860
2022-02-01,16,1,2,0,0,Rainy,2.6,3,247312
2022-02-01,11,1,2,0,1,Cloudy,1.4,3,176869
2022-02-02,7,2,2,0,0,Sunny,4.3,3,157171
2022-02-04,11,4,2,0,0,Cloudy,3.6,2,316954
2022-02-04,16,4,2,0,0,Rainy,3.0,5,452208
2022-02-05,18,5,2,0,0,Rainy,2.4,3,398844
2022-02-05,12,5,2,0,0,Cloudy,1.7,5,308820
2022-02-06,14,6,2,0,0,Sunny,1.4,4,361620
2022-02-06,10,6,2,1,0,Cloudy,4.9,4,251250
2022-02-07,19,0,2,1,0,Cloudy,1.8,2,416195
2022-02-08,14,1,2,0,0,Rainy,1.2,2,312172
2022-02-08,13,1,2,0,1,Sunny,4.8,4,156143
2022-02-08,17,1,2,0,0,Cloudy,3.2,3,227341
2022-02-09,10,2,2,0,1,Sunny,4.2,4,203350
2022-02-09,16,2,2,0,1,Rainy,1.2,5,331072
2022-02-09,13,2,2,0,1,Sunny,3.3,2,318851
2022-02-09,17,2,2,0,1,Rainy,2.6,2,387141
2022-02-10,8,3,2,0,0,Sunny,4.1,4,90312
2022-02-13,12,6,2,0,0,Cloudy,1.2,3,137364
2022-02-13,15,6,2,0,0,Rainy,2.6,3,443745
2022-02-16,8,2,2,0,0,Cloudy,4.2,5,236536
2022-02-17,6,3,2,0,0,Rainy,3.1,2,144834
2022-02-17,14,3,2,0,0,Sunny,3.2,4,332598
2022-02-22,15,1,2,0,1,Sunny,1.4,4,231930
2022-02-22,13,1,2,0,1,Rainy,1.5,2,384800
2022-02-22,9,1,2,0,0,Rainy,3.7,4,265680
2022-02-23,8,2,2,0,0,Rainy,3.7,2,237616
2022-02-24,6,3,2,0,1,Sunny,4.9,3,174996
2022-02-25,5,4,2,0,0,Rainy,3.8,3,88285
2022-02-25,15,4,2,0,0,Rainy,3.0,4,223800
2022-02-28,11,0,2,1,0,Cloudy,4.4,3,223795
2022-03-01,10,1,3,0,0,Rainy,1.4,3,184170
2022-03-01,19,1,3,0,0,Cloudy,2.8,5,516040
2022-03-02,19,2,3,0,1,Cloudy,2.1,2,288952
2022-03-02,6,2,3,0,0,Cloudy,1.4,2,64122
2022-03-03,12,3,3,0,0,Sunny,4.1,4,322956
2022-03-04,15,4,3,0,0,Cloudy,3.0,2,348345
2022-03-04,8,4,3,0,0,Rainy,3.2,5,144640
2022-03-04,12,4,3,0,1,Sunny,2.6,4,342444
2022-03-05,19,5,3,0,0,Sunny,2.8,4,370234
2022-03-05,11,5,3,0,0,Sunny,1.5,2,177034
2022-03-05,9,5,3,0,0,Sunny,3.7,3,159228
2022-03-07,14,0,3,0,0,Sunny,2.7,3,295232
2022-03-08,14,1,3,0,0,Sunny,4.3,3,183442
2022-03-09,16,2,3,0,0,Sunny,1.8,3,199040
2022-03-10,12,3,3,0,0,Cloudy,1.8,5,205488
2022-03-10,18,3,3,0,0,Rainy,3.6,4,490104
2022-03-10,13,3,3,0,0,Rainy,4.4,3,312403
2022-03-10,9,3,3,0,1,Cloudy,2.9,5,220824
2022-03-10,14,3,3,0,1,Cloudy,3.9,4,146244
2022-03-11,9,4,3,0,0,Sunny,5.0,2,125235
2022-03-12,6,5,3,0,0,Sunny,5.0,2,154722
2022-03-12,9,5,3,0,0,Cloudy,4.0,5,265437
2022-03-12,7,5,3,0,0,Sunny,4.0,4,193326
2022-03-14,11,0,3,0,0,Rainy,2.0,3,182457
2022-03-15,14,1,3,0,0,Rainy,4.3,4,143164
2022-03-15,9,1,3,0,0,Sunny,2.6,3,190359
2022-03-15,12,1,3,0,0,Sunny,4.8,5,186696
2022-03-16,5,2,3,1,0,Sunny,1.3,3,109855
2022-03-16,7,2,3,0,0,Rainy,2.7,5,71302
2022-03-17,7,3,3,0,0,Sunny,3.2,4,172760
2022-03-17,13,3,3,0,0,Cloudy,2.6,4,319267
2022-03-20,9,6,3,0,0,Sunny,1.8,3,189621
2022-03-20,16,6,3,0,0,Cloudy,3.4,4,200560
2022-03-21,13,0,3,0,0,Sunny,4.0,3,155116
2022-03-21,17,0,3,0,0,Sunny,3.6,4,204544
2022-03-22,13,1,3,1,1,Rainy,1.9,2,146276
2022-03-23,5,2,3,0,0,Cloudy,3.9,3,77545
2022-03-23,6,2,3,0,0,Cloudy,2.0,5,90444
2022-03-24,9,3,3,0,0,Cloudy,1.7,2,215100
2022-03-25,8,4,3,0,1,Rainy,3.8,5,196184
2022-03-26,19,5,3,0,0,Cloudy,4.4,4,225739
2022-03-27,14,6,3,0,0,Rainy,2.9,2,143766
2022-03-29,13,1,3,0,1,Sunny,3.1,4,151190
2022-03-29,11,1,3,0,0,Sunny,2.2,3,307538
2022-03-30,10,2,3,0,0,Cloudy,3.0,5,233830
2022-03-30,11,2,3,0,0,Sunny,1.5,4,287672
2022-03-30,5,2,3,0,0,Sunny,4.8,5,105420
2022-03-31,5,3,3,0,1,Cloudy,4.2,5,58475
2022-04-02,12,5,4,1,0,Sunny,3.7,4,355704
2022-04-04,17,0,4,0,0,Cloudy,3.2,3,421957
2022-04-05,17,1,4,0,0,Cloudy,4.2,5,225454
2022-04-05,6,1,4,0,0,Sunny,3.0,4,68670
2022-04-10,16,6,4,1,0,Sunny,2.2,3,422976
2022-04-11,14,0,4,0,0,Sunny,1.6,4,279286
2022-04-14,15,3,4,0,0,Sunny,3.6,3,420750
2022-04-18,13,0,4,0,0,Sunny,4.7,5,219713
2022-04-20,11,2,4,0,0,Rainy,1.6,2,320859
2022-04-20,10,2,4,0,0,Sunny,1.7,4,107190
2022-04-20,5,2,4,0,0,Rainy,2.7,5,92985
2022-04-21,5,3,4,0,0,Cloudy,4.2,4,84275
2022-04-21,6,3,4,1,0,Sunny,2.2,4,172068
2022-04-21,10,3,4,0,0,Sunny,2.0,3,182630
2022-04-23,18,5,4,0,0,Sunny,3.5,4,441360
2022-04-23,10,5,4,0,0,Cloudy,3.1,3,218740
2022-04-24,6,6,4,0,0,Rainy,1.2,5,144474
2022-04-27,5,2,4,0,1,Rainy,1.3,4,135410
2022-04-27,14,2,4,0,0,Sunny,3.6,5,241402
2022-04-29,9,4,4,0,0,Sunny,2.9,2,171162
2022-04-29,9,4,4,0,0,Sunny,4.9,5,240588
2022-04-29,6,4,4,0,0,Sunny,3.7,4,132600
2022-04-29,10,4,4,0,0,Cloudy,1.0,2,266910
2022-05-01,13,6,5,0,1,Sunny,2.9,3,387400
2022-05-01,6,6,5,0,0,Cloudy,2.7,2,88920
2022-05-04,14,2,5,0,0,Sunny,1.4,4,294014
2022-05-05,6,3,5,0,0,Rainy,4.7,4,143442
2022-05-06,7,4,5,0,0,Rainy,4.2,5,209594
2022-05-07,17,5,5,0,0,Sunny,1.9,3,368373
2022-05-08,11,6,5,0,0,Sunny,2.0,4,285076
2022-05-08,10,6,5,0,0,Cloudy,1.1,4,208780
2022-05-09,16,0,5,0,0,Sunny,2.2,3,207760
2022-05-09,12,0,5,0,0,Sunny,3.3,3,217344
2022-05-10,19,1,5,0,0,Sunny,2.7,5,350873
2022-05-12,12,3,5,0,0,Rainy,4.9,2,347172
2022-05-14,10,5,5,1,0,Cloudy,1.2,3,103360
2022-05-14,16,5,5,0,0,Rainy,3.4,4,322640
2022-05-15,15,6,5,0,1,Cloudy,4.4,3,440445
2022-05-15,14,6,5,1,0,Rainy,2.9,4,318752
2022-05-15,7,6,5,0,1,Sunny,1.0,5,97776
2022-05-16,7,0,5,1,1,Rainy,2.0,2,76370
2022-05-16,19,0,5,1,1,Rainy,2.3,5,539220
2022-05-17,5,1,5,0,0,Cloudy,4.9,3,128160
2022-05-17,11,1,5,0,0,Cloudy,4.6,4,289069
2022-05-18,9,2,5,0,0,Rainy,4.8,3,118161
2022-05-18,8,2,5,0,0,Cloudy,4.3,3,123576
2022-05-19,14,3,5,0,0,Cloudy,2.4,3,225806
2022-05-20,19,4,5,0,0,Cloudy,4.6,3,301150
2022-05-23,8,0,5,0,0,Cloudy,4.9,2,139568
2022-05-23,18,0,5,0,0,Cloudy,2.4,4,395082
2022-05-24,8,1,5,0,1,Rainy,2.0,3,148152
2022-05-25,10,2,5,0,0,Cloudy,3.2,4,103140
2022-05-27,19,4,5,0,0,Sunny,1.7,2,413003
2022-06-04,12,5,6,0,0,Rainy,1.1,4,133608
2022-06-06,12,0,6,1,1,Rainy,4.8,4,251256
2022-06-08,9,2,6,1,0,Rainy,4.7,2,230292
2022-06-11,19,5,6,0,0,Cloudy,1.7,3,348593
2022-06-13,10,0,6,0,0,Sunny,2.6,4,155920
2022-06-14,8,1,6,0,1,Cloudy,4.3,5,224864
2022-06-14,16,1,6,0,0,Rainy,3.6,4,475632
2022-06-16,18,3,6,0,0,Rainy,2.6,3,490860
2022-06-16,15,3,6,0,0,Rainy,4.0,5,314955
2022-06-18,17,5,6,1,0,Rainy,4.6,3,182257
2022-06-18,13,5,6,0,0,Cloudy,4.7,4,248352
2022-06-19,12,6,6,0,1,Sunny,2.5,2,356892
2022-06-19,14,6,6,0,1,Sunny,1.7,3,152180
2022-06-20,16,0,6,0,0,Rainy,4.7,3,268016
2022-06-20,14,0,6,0,0,Sunny,1.4,2,376334
2022-06-20,5,0,6,0,0,Rainy,3.9,4,58780
2022-06-21,19,1,6,0,0,Rainy,1.6,3,211223
2022-06-21,6,1,6,0,0,Sunny,2.6,4,129606
2022-06-22,13,2,6,0,0,Rainy,2.6,4,166764
2022-06-22,12,2,6,0,0,Sunny,1.6,4,299952
2022-06-22,18,2,6,0,0,Rainy,4.7,2,504558
2022-06-23,7,3,6,0,0,Sunny,1.0,4,167146
2022-06-24,12,4,6,0,0,Rainy,4.6,4,203904
2022-06-24,16,4,6,0,0,Sunny,4.5,5,380448
2022-06-25,5,5,6,0,0,Rainy,2.3,5,83855
2022-06-25,14,5,6,0,0,Rainy,3.8,5,371364
2022-06-25,8,5,6,0,1,Rainy,2.0,3,233160
2022-06-25,7,5,6,0,0,Sunny,4.0,3,94045
2022-06-25,10,5,6,0,1,Cloudy,3.2,5,166220
2022-06-27,11,0,6,1,1,Rainy,2.2,2,251372
2022-06-28,8,1,6,0,0,Rainy,2.6,2,198448
2022-06-28,11,1,6,0,0,Sunny,3.8,5,226853
2022-06-28,13,1,6,0,0,Rainy,4.6,3,154024
2022-06-28,15,1,6,0,1,Rainy,1.5,3,190440
2022-06-29,6,2,6,0,1,Rainy,3.3,2,70302
2022-07-02,15,5,7,1,0,Rainy,2.0,4,441840
2022-07-02,7,5,7,0,0,Cloudy,4.2,2,134813
2022-07-04,9,0,7,0,0,Cloudy,1.3,4,115074
2022-07-05,7,1,7,1,0,Rainy,3.8,3,169078
2022-07-05,15,1,7,1,0,Rainy,1.7,3,351135
2022-07-05,12,1,7,0,0,Rainy,3.4,5,165492
2022-07-06,16,2,7,0,0,Cloudy,4.3,3,221936
2022-07-07,14,3,7,0,0,Cloudy,4.0,4,165284
2022-07-07,12,3,7,0,0,Sunny,4.0,2,334656
2022-07-08,12,4,7,0,0,Sunny,3.1,5,356304
2022-07-11,16,0,7,0,1,Rainy,4.6,4,372864
2022-07-12,16,1,7,0,0,Rainy,3.4,2,449184
2022-07-13,13,2,7,0,0,Cloudy,4.7,2,332137
2022-07-17,8,6,7,0,0,Rainy,3.2,2,106424
2022-07-19,9,1,7,0,0,Rainy,3.0,3,265473
2022-07-20,9,2,7,0,0,Cloudy,1.9,2,234549
2022-07-20,12,2,7,0,0,Cloudy,3.2,3,302376
2022-07-20,11,2,7,0,0,Cloudy,1.6,2,306768
2022-07-21,13,3,7,0,0,Cloudy,4.5,2,268515
2022-07-22,19,4,7,0,0,Sunny,3.7,3,359556
2022-07-22,19,4,7,0,0,Cloudy,5.0,3,378860
2022-07-23,18,5,7,0,0,Cloudy,1.4,4,250632
2022-07-23,12,5,7,0,0,Rainy,2.0,2,237396
2022-07-24,6,6,7,0,0,Rainy,4.5,3,86910
2022-07-25,14,0,7,0,0,Rainy,2.6,4,316806
2022-07-26,16,1,7,0,0,Sunny,2.9,4,371728
2022-07-27,8,2,7,0,0,Cloudy,4.4,3,183208
2022-07-27,10,2,7,0,0,Cloudy,3.1,2,101910
2022-07-28,16,3,7,0,0,Sunny,1.8,4,238672
2022-07-30,6,5,7,1,0,Cloudy,4.6,2,94986
2022-07-30,11,5,7,0,0,Rainy,1.1,2,221760
2022-07-30,7,5,7,0,1,Sunny,4.6,4,165774
2022-07-31,17,6,7,0,1,Cloudy,1.2,3,380647
2022-08-01,7,0,8,0,0,Sunny,3.7,2,83118
2022-08-03,15,2,8,1,1,Sunny,1.3,5,285930
2022-08-04,6,3,8,0,0,Cloudy,3.8,3,88578
2022-08-06,15,5,8,0,0,Rainy,1.1,4,303510
2022-08-06,12,5,8,0,0,Cloudy,4.4,5,230652
2022-08-07,10,6,8,0,1,Cloudy,2.9,2,214100
2022-08-08,5,0,8,0,0,Rainy,1.4,3,122595
2022-08-10,16,2,8,0,0,Cloudy,3.8,5,176816
2022-08-10,5,2,8,0,0,Cloudy,3.0,3,111125
2022-08-10,11,2,8,0,0,Cloudy,1.8,2,217415
2022-08-10,12,2,8,1,0,Sunny,1.1,3,256584
2022-08-11,9,3,8,1,0,Sunny,2.7,5,203220
2022-08-11,16,3,8,0,0,Sunny,1.3,3,351824
2022-08-11,15,3,8,0,0,Cloudy,1.4,4,329085
2022-08-13,9,5,8,0,0,Rainy,2.1,4,256401
2022-08-14,8,6,8,0,0,Sunny,3.5,5,82456
2022-08-14,18,6,8,0,0,Rainy,3.1,3,240462
2022-08-15,10,0,8,0,0,Cloudy,1.3,5,131760
2022-08-15,18,0,8,0,1,Sunny,4.9,3,202518
2022-08-15,10,0,8,0,0,Cloudy,4.5,2,153660
2022-08-15,7,0,8,0,0,Rainy,2.0,4,195307
2022-08-16,13,1,8,1,0,Sunny,1.5,2,210938
2022-08-16,16,1,8,1,0,Sunny,4.8,3,389280
2022-08-17,15,2,8,0,1,Sunny,2.8,2,223365
2022-08-20,18,5,8,0,0,Sunny,2.2,5,269856
2022-08-21,11,6,8,1,0,Rainy,3.0,5,131571
2022-08-21,5,6,8,1,0,Sunny,4.1,3,112485
2022-08-21,19,6,8,0,0,Cloudy,1.7,4,555693
2022-08-23,17,1,8,0,0,Sunny,4.1,5,354416
2022-08-23,11,1,8,0,0,Rainy,4.0,4,255805
2022-08-24,9,2,8,0,0,Sunny,3.2,3,131103
2022-08-24,9,2,8,0,0,Rainy,4.5,4,234711
2022-08-24,18,2,8,0,0,Rainy,1.5,3,297234
2022-08-26,17,4,8,1,0,Cloudy,3.4,2,428995
2022-08-26,6,4,8,0,0,Sunny,2.8,3,130530
2022-08-27,8,5,8,0,0,Sunny,2.7,2,169208
2022-08-28,16,6,8,0,0,Sunny,2.0,3,425072
2022-08-28,10,6,8,0,0,Cloudy,2.5,5,133580
2022-08-29,14,0,8,0,0,Cloudy,1.4,5,274260
2022-09-01,19,3,9,0,0,Rainy,2.0,4,398772
2022-09-02,15,4,9,0,0,Rainy,2.1,3,265170
2022-09-02,11,4,9,0,0,Rainy,3.9,3,172678
2022-09-04,15,6,9,0,0,Cloudy,1.2,3,169095
2022-09-05,9,0,9,0,0,Cloudy,3.6,4,191169
2022-09-05,13,0,9,0,0,Cloudy,1.9,5,357240
2022-09-09,7,4,9,0,0,Rainy,1.3,3,136479
2022-09-09,5,4,9,0,0,Cloudy,2.2,4,95535
2022-09-11,8,6,9,0,0,Rainy,1.9,3,170184
2022-09-11,13,6,9,0,0,Rainy,3.2,2,234026
2022-09-12,8,0,9,0,0,Sunny,2.4,3,113976
2022-09-12,6,0,9,0,1,Sunny,4.9,2,115320
2022-09-12,14,0,9,0,0,Sunny,4.9,4,416332
2022-09-13,18,1,9,0,0,Rainy,2.8,4,372654
2022-09-15,18,3,9,0,0,Sunny,4.2,5,458496
2022-09-16,9,4,9,0,0,Sunny,1.1,3,239886
2022-09-16,7,4,9,0,0,Sunny,3.2,4,192990
2022-09-18,17,6,9,0,0,Cloudy,4.0,5,380664
2022-09-19,16,0,9,0,1,Rainy,1.9,3,351296
2022-09-21,17,2,9,0,0,Sunny,1.2,4,435897
2022-09-21,13,2,9,0,0,Cloudy,1.6,2,311974
2022-09-22,8,3,9,0,1,Cloudy,2.8,4,130440
2022-09-24,10,5,9,0,0,Cloudy,3.0,2,287820
2022-09-24,6,5,9,0,0,Sunny,2.5,5,136326
2022-09-25,10,6,9,0,0,Cloudy,2.8,5,169950
2022-09-26,7,0,9,0,0,Rainy,2.9,3,156989
2022-09-30,16,4,9,0,0,Cloudy,4.1,3,380512
2022-09-30,16,4,9,0,0,Cloudy,1.4,3,195680
2022-10-01,13,5,10,0,0,Cloudy,4.1,5,214643
2022-10-01,15,5,10,0,0,Cloudy,3.8,2,397680
2022-10-10,6,0,10,0,1,Rainy,4.0,3,116766
2022-10-14,19,4,10,0,0,Sunny,3.9,3,280535
2022-10-15,16,5,10,0,0,Rainy,2.9,5,372352
2022-10-16,16,6,10,0,0,Rainy,1.8,2,248832
2022-10-17,13,0,10,0,0,Sunny,3.1,4,138151
2022-10-17,9,0,10,0,1,Cloudy,4.8,3,197901
2022-10-17,12,0,10,0,0,Sunny,3.4,4,285360
2022-10-17,6,0,10,0,0,Sunny,1.0,4,99534
2022-10-18,10,1,10,0,0,Rainy,1.2,3,120440
2022-10-20,7,3,10,0,1,Sunny,5.0,5,162197
2022-10-22,16,5,10,0,0,Cloudy,1.3,3,459600
2022-10-24,16,0,10,0,0,Rainy,1.2,2,254144
2022-10-24,18,0,10,0,0,Cloudy,2.4,2,327330
2022-10-24,14,0,10,0,1,Rainy,4.9,3,143486
2022-10-24,9,0,10,0,0,Cloudy,2.3,4,263781
2022-10-25,16,1,10,0,0,Sunny,2.6,2,437728
2022-10-26,12,2,10,0,0,Sunny,3.5,2,230100
2022-10-26,14,2,10,0,0,Sunny,1.1,3,367640
2022-10-26,18,2,10,0,0,Cloudy,4.6,3,228096
2022-10-28,5,4,10,1,1,Rainy,3.1,5,86395
2022-10-29,9,5,10,1,1,Rainy,2.9,3,167958
2022-10-29,7,5,10,0,1,Rainy,4.4,3,83909
2022-10-29,8,5,10,0,0,Sunny,4.8,2,211792
2022-10-29,6,5,10,0,0,Cloudy,2.7,2,137688
2022-10-31,13,0,10,0,0,Rainy,1.7,2,299338
2022-11-04,7,4,11,0,0,Cloudy,4.3,4,89411
2022-11-04,19,4,11,0,0,Rainy,2.6,2,440021
2022-11-06,6,6,11,0,0,Sunny,4.7,2,119268
2022-11-07,14,0,11,0,1,Cloudy,4.8,3,282492
2022-11-08,15,1,11,0,0,Rainy,1.5,5,305655
2022-11-08,13,1,11,0,1,Rainy,4.8,2,225511
2022-11-08,11,1,11,0,0,Rainy,2.5,5,121088
2022-11-09,10,2,11,0,0,Rainy,3.6,2,137830
2022-11-10,5,3,11,0,0,Sunny,1.1,2,71490
2022-11-10,9,3,11,0,0,Rainy,4.6,5,132012
2022-11-11,16,4,11,0,0,Rainy,3.6,3,192832
2022-11-12,15,5,11,1,1,Sunny,3.6,2,175740
2022-11-17,18,3,11,1,0,Rainy,4.6,5,185580
2022-11-17,19,3,11,0,0,Cloudy,3.0,2,463429
2022-11-18,15,4,11,0,0,Cloudy,2.6,4,168900
2022-11-21,7,0,11,0,0,Rainy,4.5,4,162099
2022-11-21,5,0,11,0,0,Sunny,4.0,4,107300
2022-11-23,8,2,11,1,0,Sunny,4.8,4,215744
2022-11-26,17,5,11,0,1,Sunny,4.8,3,408187
2022-11-28,6,0,11,0,0,Rainy,2.5,4,77196
2022-11-28,6,0,11,0,0,Rainy,2.8,5,146190
2022-11-28,7,0,11,0,0,Cloudy,2.0,2,111286
2022-11-30,12,2,11,0,0,Sunny,3.6,5,340740
2022-12-01,12,3,12,0,1,Rainy,2.5,4,195012
2022-12-01,16,3,12,0,0,Rainy,4.1,3,239024
2022-12-02,19,4,12,0,1,Rainy,1.5,4,266114
2022-12-02,11,4,12,0,0,Sunny,1.5,4,127875
2022-12-03,10,5,12,0,0,Sunny,1.8,3,209560
2022-12-03,13,5,12,1,1,Cloudy,1.3,3,354562
2022-12-05,8,0,12,0,0,Sunny,3.5,3,128624
2022-12-05,16,0,12,0,0,Rainy,1.6,3,302768
2022-12-05,5,0,12,0,0,Cloudy,1.6,3,69805
2022-12-05,12,0,12,0,0,Sunny,1.1,3,346656
2022-12-08,11,3,12,0,0,Sunny,4.1,2,206866
2022-12-08,11,3,12,0,0,Sunny,4.2,4,309133
2022-12-08,19,3,12,0,0,Sunny,1.6,4,447602
2022-12-08,7,3,12,0,0,Rainy,4.0,3,116802
2022-12-09,8,4,12,0,1,Sunny,2.7,5,92696
2022-12-10,14,5,12,0,0,Rainy,2.0,3,277242
2022-12-11,13,6,12,0,0,Rainy,3.5,2,354640
2022-12-12,19,0,12,0,0,Rainy,1.7,5,386650
2022-12-12,10,0,12,0,0,Cloudy,4.0,2,288160
2022-12-16,19,4,12,1,0,Rainy,1.2,5,407626
2022-12-16,19,4,12,0,0,Sunny,4.8,5,491131
2022-12-16,9,4,12,0,0,Cloudy,1.3,3,151533
2022-12-18,7,6,12,0,0,Sunny,3.3,2,80143
2022-12-21,13,2,12,0,0,Rainy,4.6,5,200902
2022-12-22,9,3,12,0,0,Sunny,1.0,2,174816
2022-12-23,9,4,12,0,0,Cloudy,3.0,3,127053
2022-12-25,18,6,12,0,0,Cloudy,2.4,3,339642
2022-12-25,8,6,12,0,0,Sunny,3.3,3,166800
2022-12-27,18,1,12,0,0,Sunny,1.9,3,511416
2022-12-27,8,1,12,0,1,Sunny,1.3,4,194744
2022-12-28,16,2,12,0,0,Cloudy,3.5,5,269520
2022-12-29,5,3,12,0,0,Rainy,2.7,4,73120
2022-12-29,11,3,12,1,0,Sunny,3.5,3,207328
2022-12-29,13,3,12,0,1,Rainy,1.8,5,345137
2022-12-30,7,4,12,0,1,Cloudy,2.4,5,161952
